sway,wave
AutoHide,n
-13.01,0,-139.11,297.1,0.95
71.46,0,-116.07,352.3,1.01
-24.72,0,-135.32,122.2,1.28
74.69,0,69.45,1.2,1.27
2.85,0,130.26,15.0,0.88
75.39,0,94.35,54.1,0.91
-27.49,0,-127.99,256.2,0.84
77.16,0,119.44,284.0,1.19
-68.40,0,35.81,117.3,1.11
-12.35,0,128.52,72.6,1.18
-65.51,0,-95.15,348.2,0.92
-77.48,0,-141.10,178.6,0.89
70.95,0,-23.65,87.6,1.24
-73.74,0,-48.15,142.1,0.89
-67.44,0,-11.22,70.2,1.11
-72.49,0,69.93,246.9,1.00
-36.64,0,-133.66,124.2,1.26
67.69,0,-133.31,216.9,0.89
-66.22,0,-56.56,282.3,0.82
-11.81,0,-138.06,40.9,1.06
-28.18,0,-130.41,35.9,0.87
-22.01,0,135.67,102.3,1.23
-13.32,0,-135.02,238.5,1.23
24.65,0,-137.16,169.3,0.82
-69.15,0,-110.81,342.8,0.85
-50.84,0,124.98,111.2,0.91
-68.81,0,-79.50,80.0,1.17
-40.30,0,140.25,356.6,1.26
67.21,0,39.72,57.4,1.17
54.49,0,-137.90,70.2,1.19
-41.23,0,136.49,81.1,0.99
-61.08,0,-133.44,328.9,1.26
73.29,0,-32.70,205.3,1.12
-74.29,0,124.90,323.5,1.15
-73.61,0,-29.05,77.5,1.08
9.31,0,-137.30,202.8,1.19
76.49,0,0.59,193.4,1.13
73.52,0,57.35,330.1,0.88
-75.77,0,-96.52,244.4,1.26
-71.88,0,-72.34,216.2,1.03
-7.58,0,-138.83,271.8,0.92
74.35,0,-77.98,183.0,1.05
-70.78,0,58.89,247.0,1.18
-67.99,0,45.18,0.4,0.97
18.03,0,127.63,350.9,0.96
-28.86,0,-135.92,43.6,1.02
66.48,0,-128.61,337.2,1.26
72.85,0,87.66,50.2,0.82
-74.15,0,129.11,242.2,1.06
-74.50,0,87.18,127.6,1.27
-66.97,0,-95.85,170.1,1.08
-74.16,0,-100.33,323.8,0.87
15.61,0,124.08,92.0,1.15
71.01,0,62.22,161.7,0.86
77.89,0,117.29,27.7,1.27
-75.76,0,126.94,327.6,0.93
53.28,0,-138.32,219.0,0.91
21.19,0,-134.88,233.0,0.85
67.82,0,-31.19,5.0,0.97
71.71,0,-6.25,296.2,0.98
-74.16,0,-107.45,137.3,1.25
-76.00,0,25.21,151.5,0.97
-76.19,0,76.37,166.2,1.07
-57.49,0,-130.11,59.5,0.88
68.76,0,18.99,9.9,0.96
-65.56,0,80.35,176.0,1.17
72.64,0,84.26,248.7,1.07
-6.31,0,130.14,263.5,1.09
70.17,0,-114.40,8.8,0.98
40.57,0,132.96,239.9,1.13
-73.96,0,50.61,357.6,1.12
67.26,0,109.27,0.9,0.91
39.94,0,126.07,254.8,1.28
2.59,0,127.44,221.1,0.96
74.18,0,-47.67,235.3,0.97
-60.58,0,134.74,355.3,0.94
24.68,0,-134.58,131.7,1.15
-40.10,0,-124.12,213.8,1.18
77.40,0,64.81,161.5,0.82
69.34,0,-87.00,325.6,1.03
70.24,0,134.39,129.0,0.91
66.25,0,60.43,333.2,1.16
75.60,0,65.33,295.2,1.26
-13.46,0,130.93,195.2,1.12
-76.48,0,-45.61,99.0,0.81
31.18,0,139.70,3.3,1.16
-22.04,0,141.94,316.7,0.85
-69.11,0,-85.77,182.8,1.15
-77.01,0,-22.16,259.7,1.18
-76.14,0,-109.30,25.5,1.08
-67.25,0,-48.57,249.9,0.80
3.41,0,-136.46,311.1,0.90
64.67,0,82.28,321.7,0.80
47.70,0,-128.08,313.4,1.30
-69.82,0,-115.21,41.4,1.17
-64.86,0,72.84,0.6,1.14
-66.46,0,-136.11,137.8,1.25
65.28,0,-21.56,159.8,0.96
-12.83,0,136.60,32.7,1.22
-64.41,0,-68.60,283.8,0.81
67.47,0,81.83,159.5,1.12
2.79,0,-134.28,242.6,1.24
74.27,0,72.96,336.8,0.84
66.38,0,117.25,291.9,0.86
57.54,0,135.78,266.5,1.06
-65.17,0,-137.06,252.7,0.95
-69.46,0,55.59,223.8,1.27
-76.78,0,-24.74,157.5,1.01
-71.24,0,89.35,15.5,1.12
-67.43,0,133.25,306.3,1.20
64.79,0,-97.98,267.7,1.29
-68.21,0,42.25,350.4,0.87
68.91,0,43.33,19.4,1.21
34.46,0,135.79,198.5,0.87
8.05,0,-127.90,354.6,0.81
71.21,0,-82.59,62.2,0.82
64.84,0,80.39,299.0,0.87
-76.04,0,-95.50,173.2,0.84
-72.28,0,104.69,271.2,1.18
70.36,0,87.35,272.1,1.27
-69.19,0,25.56,178.5,0.81
33.27,0,-128.68,313.0,0.95
73.48,0,-128.45,267.3,0.85
-23.98,0,128.35,341.2,1.29
71.08,0,-78.64,201.7,1.01
55.82,0,-137.44,38.8,1.02
66.38,0,128.19,109.3,0.91
72.43,0,-74.13,161.7,1.07
74.58,0,75.02,346.6,1.01
66.65,0,-22.36,85.4,1.24
74.73,0,-122.67,296.1,1.29
63.56,0,141.08,115.1,0.93
70.21,0,-22.69,15.6,0.82
-38.42,0,124.69,311.5,1.16
-64.79,0,-39.25,317.2,1.20
-56.26,0,-141.77,342.0,0.89
-56.28,0,-140.92,132.5,1.22
-44.58,0,-128.55,118.9,1.29
-76.37,0,-14.33,73.4,0.85
-66.95,0,-66.84,31.4,0.95
67.02,0,74.94,94.1,1.25
-2.77,0,-137.71,169.0,0.84
-35.14,0,130.90,191.4,1.29
-66.45,0,47.79,26.9,0.98
2.72,0,-131.03,53.4,1.19
74.77,0,-1.01,41.8,1.18
77.40,0,69.44,293.0,1.01
-68.28,0,-77.89,309.2,1.19
-65.79,0,62.90,6.6,1.23
-71.16,0,47.39,359.0,0.95
-72.28,0,47.49,97.5,1.16
-67.84,0,-104.14,113.8,1.06
-68.29,0,11.83,10.6,1.06
-28.56,0,-130.78,8.0,1.09
72.19,0,132.90,196.1,0.94
72.10,0,103.29,283.5,1.06
69.78,0,29.28,302.1,1.10
-37.80,0,134.89,263.4,0.90
-10.39,0,127.31,85.5,1.07
-70.93,0,99.29,274.3,0.82
31.10,0,-129.00,326.8,1.12
71.89,0,25.33,168.6,1.00
76.82,0,-99.51,117.1,1.25
9.78,0,-124.18,54.1,0.82
-76.60,0,-93.16,204.5,0.98
-66.13,0,-60.78,95.4,1.16
33.30,0,-136.32,300.6,0.85
-73.35,0,-111.37,267.0,1.14
45.06,0,133.17,319.8,0.95
74.94,0,-52.77,48.0,1.23
70.19,0,11.46,37.4,1.02
-30.61,0,130.33,157.4,1.00
-65.57,0,51.11,336.2,1.09
-67.90,0,-2.90,71.2,1.08
-66.64,0,-9.94,103.8,0.85
-8.20,0,-125.01,118.7,0.82
-75.25,0,108.33,24.4,0.92
65.24,0,21.96,331.8,0.83
76.44,0,8.01,69.3,1.20
72.12,0,-1.35,60.4,0.90
48.77,0,-132.09,252.2,0.96
67.21,0,81.80,299.2,1.17
71.72,0,72.34,268.5,0.95
31.93,0,124.12,205.5,1.16
75.80,0,-4.68,42.6,1.22
-20.94,0,128.11,11.0,1.18
-72.28,0,1.22,181.5,0.95
-64.17,0,32.18,131.8,1.29
25.40,0,-125.54,21.8,0.89
-65.58,0,78.88,325.8,1.11
66.33,0,-12.81,280.3,1.30
70.61,0,55.60,181.6,1.00
33.88,0,134.15,181.3,1.03
1.16,0,-130.37,296.6,1.16
-34.60,0,-130.72,151.4,1.09
0.49,0,138.53,60.1,0.95
-75.27,0,33.68,340.4,0.92
-19.70,0,-124.95,251.3,1.24
63.84,0,136.87,17.2,1.29
-76.76,0,48.57,71.1,1.25
-35.02,0,-125.77,211.4,1.15
-67.39,0,63.43,3.0,1.09
17.42,0,-127.36,168.7,1.00
-68.15,0,-101.28,283.9,0.93
10.67,0,-126.87,209.2,0.94
-71.47,0,-137.76,85.9,1.06
39.35,0,-133.30,182.6,0.97
-64.87,0,-71.73,312.8,1.13
-35.27,0,138.68,132.4,1.12
-67.35,0,-135.57,125.0,0.96
-8.44,0,126.40,108.3,0.91
29.69,0,-130.61,101.9,0.99
46.24,0,-134.30,98.6,1.12
-77.26,0,-54.32,264.9,1.03
-68.24,0,-62.22,119.2,1.24
-67.24,0,-25.20,358.3,0.85
71.02,0,-121.30,195.6,1.02
-68.71,0,-56.36,1.8,0.86
-5.90,0,-134.79,273.1,0.85
-23.19,0,-130.11,337.5,1.11
-68.59,0,75.68,320.0,0.83
33.96,0,126.91,30.0,0.90
66.04,0,49.74,250.4,1.25
56.29,0,-133.98,152.5,1.12
-71.33,0,-21.48,62.9,0.82
62.92,0,-126.31,214.4,0.87
67.28,0,37.34,277.3,0.90
77.68,0,90.83,179.4,0.85
20.64,0,134.27,77.3,0.87
-68.26,0,14.02,201.7,0.91
62.43,0,140.02,255.2,0.96
66.57,0,-70.94,357.1,1.15
-71.29,0,-51.62,3.3,1.01
-68.26,0,139.66,357.2,1.13
-71.21,0,-138.56,281.3,1.15
53.32,0,130.54,225.8,1.21
-67.41,0,-52.26,214.5,1.09
47.98,0,-125.50,181.4,1.12
-3.42,0,-124.45,28.8,1.02
-69.67,0,-43.60,216.9,1.09
72.47,0,-78.41,182.2,0.84
72.66,0,-109.22,193.7,0.93
-41.35,0,-124.01,61.4,1.09
-73.21,0,-5.75,232.6,1.12
-77.85,0,-67.30,138.3,1.17
73.80,0,135.70,204.4,0.98
71.79,0,-69.54,359.2,1.10
65.88,0,-100.92,248.5,1.26
74.87,0,96.91,358.4,1.20
70.07,0,-80.03,76.4,0.92
31.77,0,-124.92,201.1,1.20
65.93,0,3.84,137.9,0.89
-74.25,0,104.18,323.1,1.22
57.36,0,139.71,201.1,0.99
72.68,0,-67.14,297.6,1.19
-2.72,0,129.21,326.5,0.96
23.18,0,-133.82,259.4,1.09
-65.04,0,-74.21,154.3,1.01
-76.41,0,-91.26,102.3,0.89
48.77,0,128.23,169.3,0.97
-66.46,0,26.12,96.4,1.28
-67.90,0,109.24,329.7,0.83
74.78,0,-52.33,69.4,1.12
74.17,0,-69.46,247.2,0.93
67.15,0,43.82,12.7,1.11
-72.53,0,-73.46,192.6,1.00
-77.05,0,-99.67,112.5,0.91
-75.93,0,58.48,64.6,0.93
77.27,0,-28.75,48.1,1.20
-10.48,0,-129.59,287.2,1.08
33.31,0,-125.32,170.2,0.97
-71.11,0,21.12,307.1,1.16
64.44,0,-4.07,329.1,0.82
22.95,0,139.61,179.5,1.22
-77.37,0,-3.85,234.2,1.16
68.43,0,-90.57,188.6,1.11
36.38,0,126.15,142.3,1.18
65.78,0,-79.79,114.3,0.88
-10.75,0,128.11,191.0,0.85
-69.53,0,82.00,87.3,0.84
72.96,0,-109.52,340.8,0.91
35.71,0,130.19,14.2,1.14
68.21,0,29.81,43.5,0.87
77.98,0,61.84,0.3,1.25
31.38,0,124.43,98.6,1.09
65.69,0,14.61,60.7,1.09
-65.48,0,99.35,294.9,1.01
75.85,0,-78.73,1.2,1.21
-67.32,0,52.82,251.3,0.92
37.66,0,-139.27,114.4,0.91
38.97,0,-138.22,268.3,0.87
72.64,0,-101.04,169.6,0.98
-69.95,0,-137.15,284.9,1.23
66.94,0,124.79,268.2,1.27
-74.18,0,-80.75,340.2,1.13
49.62,0,-125.82,282.9,0.94
76.17,0,-140.31,157.3,1.11
31.03,0,134.24,248.2,1.05
65.70,0,32.49,318.7,1.24
-77.75,0,104.25,58.1,0.91
-71.78,0,32.90,210.3,0.84
73.14,0,27.67,172.9,0.90
20.87,0,-131.29,102.3,0.92
-27.78,0,-137.19,19.0,1.01
67.00,0,112.98,338.9,0.99
-77.50,0,8.14,70.8,0.89
64.94,0,-40.45,202.0,0.90
66.41,0,57.44,339.1,1.27
66.07,0,102.13,209.9,0.99
63.59,0,134.18,212.8,1.09
15.18,0,-134.08,82.5,1.22
-72.74,0,110.21,333.6,1.03
74.33,0,39.01,117.3,0.85
76.20,0,-127.94,285.2,0.95
39.62,0,129.89,92.1,1.23
-52.05,0,-138.24,13.8,0.90
41.86,0,124.56,196.5,1.08
-66.45,0,91.53,158.9,0.89
-71.69,0,-135.19,154.8,1.09
65.06,0,73.48,145.2,1.09
-74.82,0,-96.17,158.1,1.10
-67.89,0,-6.56,235.2,0.91
5.32,0,-130.51,232.9,1.10
22.57,0,-130.38,196.5,0.98
-42.02,0,138.50,188.5,1.15
-69.52,0,-30.38,291.2,1.01
-75.89,0,-62.62,293.6,0.85
71.54,0,104.34,125.3,0.80
77.99,0,111.87,230.3,1.29
13.47,0,129.44,208.4,0.83
74.47,0,-34.64,163.4,0.93
-76.25,0,102.50,198.8,0.82
-62.67,0,124.89,3.9,0.91
-74.74,0,-13.56,250.3,0.91
9.21,0,-130.83,313.6,0.89
25.03,0,139.97,79.6,1.15
-66.95,0,119.75,238.0,1.15
-71.50,0,-33.04,214.3,0.93
25.89,0,-124.66,82.5,0.85
64.55,0,-113.91,356.7,0.94
-77.62,0,-89.09,334.1,1.05
-16.49,0,-127.46,343.5,0.97
73.94,0,113.83,19.4,1.27
67.87,0,79.88,123.4,1.04
5.50,0,-125.22,60.9,0.87
73.68,0,-88.59,191.7,0.90
-68.55,0,136.22,280.5,1.20
-22.38,0,137.89,172.1,1.16
71.64,0,60.52,65.3,1.26
-71.49,0,-50.21,153.4,0.92
22.05,0,128.66,222.9,0.89
-67.47,0,-59.10,198.2,1.23
-76.55,0,79.22,220.6,0.93
-59.24,0,-135.75,165.5,0.92
-75.48,0,-5.31,305.5,0.85
-73.12,0,-25.22,300.5,1.15
-74.88,0,-96.77,289.3,0.94
28.85,0,-125.97,143.0,0.91
-44.00,0,131.52,320.0,1.12
-71.20,0,6.78,304.0,1.01
68.88,0,-35.92,152.6,1.20
-13.68,0,-137.37,307.8,1.23
-65.19,0,-41.02,88.8,1.13
66.84,0,32.56,328.4,0.96
-68.94,0,6.48,37.0,1.10
69.79,0,-136.66,121.4,0.81
-77.21,0,-101.03,223.7,1.04
-19.24,0,133.90,52.3,1.00
70.76,0,16.43,15.4,0.82
-40.54,0,128.67,119.4,1.27
-18.76,0,-130.02,282.3,1.16
-67.64,0,89.94,131.7,1.17
-29.86,0,-138.75,122.3,1.01
-70.37,0,110.75,199.3,1.01
65.91,0,-97.52,229.0,1.05
65.74,0,106.28,284.1,1.28
73.74,0,10.60,261.9,0.84
-73.17,0,-110.77,225.2,1.27
22.98,0,139.98,229.7,1.24
76.80,0,-97.80,102.1,0.96
-68.16,0,-31.36,248.6,1.23
23.37,0,140.58,264.8,1.02
75.42,0,5.58,349.9,1.08
-74.28,0,-107.63,319.1,0.83
-1.72,0,129.74,153.0,0.99
-65.49,0,-51.89,68.1,0.84
35.85,0,133.20,94.9,0.92
38.69,0,137.99,341.1,1.06
67.97,0,-46.63,146.0,1.21
63.14,0,-141.94,158.9,1.20
-77.84,0,7.50,200.0,1.18
15.79,0,-132.59,252.5,0.96
-67.64,0,-81.46,150.9,0.92
68.77,0,72.93,316.0,1.06
7.97,0,-132.43,178.4,1.02
-67.38,0,-21.17,175.3,1.04
77.70,0,-118.97,190.9,0.96
-66.92,0,-103.44,251.1,0.81
50.39,0,-131.67,350.8,1.15
-77.15,0,-119.87,172.1,1.25
-23.53,0,-141.72,288.6,0.88
49.37,0,-135.75,225.7,1.19
-64.03,0,62.00,168.5,0.89
73.50,0,-136.23,247.0,1.25
-52.84,0,128.00,192.3,1.00
-6.77,0,132.39,40.7,1.16
-69.63,0,-21.29,127.7,1.18
25.06,0,129.65,314.4,1.12
69.31,0,-67.94,90.3,0.81
-64.36,0,95.49,111.4,0.99
70.04,0,-73.27,316.5,0.97
54.36,0,127.44,191.5,1.25
67.80,0,-9.57,330.1,0.82
71.28,0,-81.51,246.1,1.26
-67.52,0,-93.13,262.5,1.06
76.50,0,-42.14,80.2,1.12
65.63,0,132.33,191.2,0.91
26.85,0,-132.94,268.6,0.95
58.54,0,-130.41,336.8,1.02
76.82,0,103.10,157.3,1.05
-4.95,0,-124.93,130.1,1.07
-70.09,0,-136.01,104.9,1.24
-72.98,0,22.80,51.4,0.80
-73.43,0,-11.03,267.8,1.13
-72.11,0,-21.43,227.9,1.19
-77.26,0,77.80,18.6,1.09
-46.63,0,141.41,141.6,0.97
-72.34,0,-31.67,142.9,1.24
71.27,0,-82.85,188.3,1.29
-74.79,0,-92.90,53.6,0.89
75.73,0,-37.75,341.4,0.90
-64.18,0,42.84,300.5,1.11
64.99,0,33.47,85.9,0.88
2.85,0,135.05,169.7,0.84
-27.58,0,124.65,76.8,1.15
66.08,0,14.03,172.0,1.11
65.17,0,102.13,12.0,1.20
-70.27,0,-89.51,131.7,0.89
18.15,0,127.73,22.9,1.07
3.04,0,-138.36,337.7,0.91
-64.97,0,-3.61,81.4,0.89
68.53,0,44.65,109.2,0.97
-76.02,0,-19.71,160.3,1.15
-71.51,0,89.68,197.8,1.14
45.90,0,134.64,190.3,0.81
4.54,0,129.35,237.6,1.01
-73.90,0,93.30,232.6,1.04
19.28,0,-136.47,174.1,1.23
-69.05,0,93.44,63.3,0.84
74.83,0,93.24,81.7,1.24
-6.03,0,141.56,213.7,0.87
11.13,0,-130.42,74.5,0.93
-71.61,0,-133.85,173.6,1.10
-69.00,0,110.41,273.8,1.15
71.45,0,86.12,52.9,0.99
69.46,0,-120.34,47.4,0.96
-68.10,0,-15.45,68.2,1.10
69.92,0,-9.68,205.2,1.12
-60.65,0,135.17,48.1,0.96
-75.44,0,-58.41,240.5,0.97
-69.73,0,67.06,32.7,0.90
-51.03,0,140.88,207.9,1.03
65.99,0,-82.31,102.5,1.06
-20.43,0,-129.82,177.0,0.86
32.02,0,-141.99,290.7,1.29
-31.65,0,131.33,221.8,1.26
-73.30,0,-114.39,5.4,1.02
-72.01,0,-95.58,36.8,1.27
-71.18,0,-24.73,250.8,1.14
-75.48,0,-78.17,356.3,1.22
-1.12,0,133.39,38.4,0.83
69.59,0,-27.15,222.3,1.08
14.62,0,-125.72,233.2,1.11
-75.11,0,52.86,141.4,1.00
70.86,0,15.62,110.5,0.97
-74.88,0,85.03,0.9,1.17
-67.85,0,-101.99,91.1,0.94
-68.26,0,-124.24,32.8,0.95
-66.79,0,39.24,196.0,1.22
-72.25,0,37.90,48.4,1.29
69.10,0,109.17,298.6,0.81
-71.81,0,-135.88,188.2,1.27
68.30,0,-61.28,126.6,1.15
-24.10,0,137.14,34.2,0.90
17.41,0,140.29,123.6,1.05
-49.70,0,132.55,251.5,1.12
68.15,0,78.47,57.2,0.89
17.51,0,130.28,352.5,1.06
-75.66,0,-37.56,63.1,1.29
67.92,0,114.86,183.3,1.08
65.03,0,47.93,224.6,1.30
-75.45,0,61.74,35.8,1.08
64.94,0,-139.29,39.9,0.91
61.17,0,131.73,62.1,0.94
-75.41,0,-108.79,155.9,1.11
11.40,0,141.57,176.9,1.09
-34.93,0,-130.37,197.1,1.24
7.13,0,136.44,208.3,0.82
16.61,0,-134.98,126.6,1.30
76.74,0,-51.74,274.9,1.14
