sway,wave
AutoHide,n
-38.35,0,-38.29,47.84,1.04
-32.64,0,-38.39,165.95,0.99
-27.12,0,-38.35,202.64,1.05
-21.28,0,-38.36,281.42,1.03
-15.86,0,-38.39,160,0.93
-10.23,0,-38.2,73.62,1
-4.45,0,-38.21,135.48,1.06
1.1,0,-38.36,305.99,1.13
6.67,0,-38.25,280.34,1
12.47,0,-38.37,308.45,0.93
17.92,0,-38.34,169.55,1.06
23.75,0,-38.33,83.33,1.11
29.16,0,-38.17,187.82,1.11
34.87,0,-38.21,212.39,0.89
-36.57,0,-37.76,93.11,0.89
-30.86,0,-37.69,26.98,1.1
-25.36,0,-37.62,202.89,1.15
-19.79,0,-37.74,252.27,1.01
-13.95,0,-37.76,149.32,1.01
-8.53,0,-37.78,277.44,1.16
-2.8,0,-37.6,205.32,1.08
2.82,0,-37.66,6.4,0.99
8.52,0,-37.6,104.55,0.93
14.01,0,-37.65,351.4,1.08
19.58,0,-37.77,334.86,1.05
25.33,0,-37.69,15.64,1.22
30.88,0,-37.59,118.45,1.17
36.52,0,-37.71,125.39,1.11
-34.78,0,-37.13,54.87,1.08
-29.25,0,-37.14,261.72,1.15
-23.66,0,-37.26,265.05,0.96
-18.13,0,-37.08,182.29,1.06
-12.33,0,-37.03,336.34,1.22
-6.87,0,-37.06,199.47,0.98
-1.23,0,-37.02,302.01,0.93
4.39,0,-37.06,316.84,0.94
10.15,0,-37.03,87.02,1.01
15.74,0,-37.25,219.02,0.98
21.44,0,-37.22,124.32,1.2
26.95,0,-37.09,279.22,1.16
32.75,0,-37.19,93.98,0.93
38.3,0,-37.03,191.87,0.94
-33.21,0,-36.54,259.92,1.21
-27.55,0,-36.47,223.39,1.12
-21.84,0,-36.48,160.02,1.07
-16.38,0,-36.48,29.84,1.02
-10.67,0,-36.66,299.86,1.03
-4.95,0,-36.47,7.58,1.01
0.67,0,-36.67,262.45,1.06
6.27,0,-36.49,181.37,0.95
11.73,0,-36.49,220.76,1.02
17.48,0,-36.62,337.14,1.01
23.1,0,-36.61,38.96,0.94
28.58,0,-36.56,102.34,1.19
34.42,0,-36.65,247.83,0.96
-37.18,0,-36.03,178.21,0.99
-31.59,0,-36.03,327.13,1.01
-25.88,0,-36.03,275.33,1.01
-20.2,0,-35.97,176.6,1.2
-14.54,0,-35.98,319.89,1.11
-8.91,0,-36.09,206.94,1.02
-3.4,0,-36.06,35.58,0.99
2.29,0,-36.01,287.49,1.21
7.92,0,-35.99,319.83,1.01
13.51,0,-35.97,113.39,1.17
19.21,0,-35.9,17.29,1.15
24.76,0,-36,304.44,1.08
30.34,0,-36.06,209.41,0.91
36.09,0,-36.1,209.39,1.06
-35.5,0,-35.36,130.11,1.2
-29.82,0,-35.39,124.42,1.05
-24.14,0,-35.33,253.02,1.19
-18.67,0,-35.56,281.98,1.02
-12.91,0,-35.53,280.9,1.02
-7.22,0,-35.39,158.39,1.22
-1.81,0,-35.39,101.6,1.03
3.92,0,-35.52,102.99,0.91
9.6,0,-35.5,166.93,0.88
15.29,0,-35.36,193.57,1.09
20.9,0,-35.57,241.9,0.91
26.37,0,-35.51,345.63,1.09
32.17,0,-35.4,229.36,1.13
37.59,0,-35.34,76.88,0.93
-33.85,0,-34.98,27.45,0.88
-28.09,0,-34.91,170.91,1.11
-22.54,0,-35,83.87,1.07
-16.9,0,-34.89,271.27,1.04
-11.37,0,-34.81,103.67,1
-5.7,0,-34.91,350.29,1.15
-0.09,0,-34.96,274.09,0.95
5.56,0,-34.97,65.23,1.17
11.27,0,-35.01,13.74,1.13
16.79,0,-34.96,159.9,1.11
22.58,0,-34.98,335.45,0.97
28.25,0,-34.89,265.02,1
33.75,0,-34.79,42.23,1.07
-37.77,0,-34.24,317.27,1.13
-32.15,0,-34.21,346.82,1.16
-26.38,0,-34.38,129.9,1.1
-20.74,0,-34.44,224.91,0.91
-15.27,0,-34.44,4.83,0.94
-9.67,0,-34.39,128,0.91
-4,0,-34.27,333.75,1.09
1.71,0,-34.44,88.99,1.19
7.4,0,-34.31,177.88,1.19
12.85,0,-34.24,162.92,0.92
18.65,0,-34.32,100.24,1.08
24.16,0,-34.33,153.93,0.95
29.8,0,-34.29,175.29,1.05
35.34,0,-34.23,107.6,1.01
-35.99,0,-33.72,50.15,1.07
-30.47,0,-33.67,224.93,1.11
-24.72,0,-33.84,112.76,0.9
-19.13,0,-33.7,228.69,0.95
-13.58,0,-33.7,256.36,1.06
-7.95,0,-33.65,329.66,0.95
-2.25,0,-33.85,330.84,1.19
3.4,0,-33.88,137.41,1.13
9.02,0,-33.89,67.18,0.94
14.7,0,-33.68,253.34,0.93
20.36,0,-33.71,310.98,1.07
25.88,0,-33.85,344.66,1.1
31.53,0,-33.75,235.64,1.22
37.05,0,-33.68,81.07,0.96
-34.37,0,-33.25,83.56,1.13
-28.82,0,-33.19,275.25,1.19
-23.11,0,-33.31,237.44,1.17
-17.41,0,-33.24,1.64,0.92
-11.82,0,-33.14,190.42,0.89
-6.31,0,-33.3,66.29,1.04
-0.67,0,-33.25,74.67,1.11
5.12,0,-33.33,195.75,1.13
10.59,0,-33.19,46.72,1.06
16.31,0,-33.1,232.27,0.93
22.07,0,-33.31,5.55,1.1
27.6,0,-33.11,5.37,0.95
33.31,0,-33.11,303.9,1.03
-38.23,0,-32.55,322.39,1.2
-32.6,0,-32.66,62.62,0.99
-26.98,0,-32.71,28.35,0.96
-21.44,0,-32.64,319.73,0.93
-15.71,0,-32.61,178.08,1.07
-10.1,0,-32.57,35.02,1.12
-4.43,0,-32.76,253.68,1.2
1.16,0,-32.6,136.46,1.2
6.64,0,-32.76,357.39,1.22
12.48,0,-32.54,183.59,1.16
17.91,0,-32.59,114.6,0.93
23.55,0,-32.74,113.37,1.11
29.35,0,-32.63,183.17,1.19
34.77,0,-32.72,271.81,0.88
-36.63,0,-32.13,189.62,1.17
-30.84,0,-32.09,112.56,0.92
-25.21,0,-31.96,154.3,1.2
-19.77,0,-32.15,106.06,1
-13.97,0,-32.17,247.29,0.97
-8.49,0,-32.11,110.75,0.98
-2.83,0,-32.04,329.48,1.11
2.94,0,-32.01,336.98,0.97
8.49,0,-32.08,64.93,1.06
14.16,0,-32.09,8.12,0.97
19.66,0,-32.18,247.84,0.88
25.44,0,-32.04,346.85,1.04
31.01,0,-32,254.8,0.97
36.63,0,-31.95,278.77,1.13
-34.97,0,-31.48,280.1,0.92
-29.26,0,-31.39,247.53,1.15
-23.75,0,-31.44,189.34,0.97
-17.9,0,-31.42,299.8,1.03
-12.42,0,-31.56,97.04,1.16
-6.68,0,-31.49,182.81,1.03
-1.02,0,-31.43,167.54,1.14
4.63,0,-31.53,288.92,1.2
10.03,0,-31.54,358.54,1.17
15.65,0,-31.51,273.63,0.99
21.39,0,-31.45,57.42,1.18
26.91,0,-31.42,93.99,1.07
32.58,0,-31.6,297.46,0.96
38.15,0,-31.48,232.03,0.94
-33.21,0,-31.03,179.46,1.19
-27.69,0,-30.95,212.66,0.93
-22,0,-30.96,261.67,0.9
-16.3,0,-30.95,37.81,1.09
-10.79,0,-30.84,306.79,1.04
-5.14,0,-31.02,350.37,1.03
0.57,0,-30.93,356.79,0.97
6.28,0,-30.98,16.97,1.19
11.89,0,-30.87,95.74,1.05
17.49,0,-30.93,107.29,0.89
23.15,0,-30.85,258.03,0.97
28.61,0,-30.88,16.33,1.1
34.35,0,-31.02,222.58,1.04
-37.1,0,-30.45,229.17,0.94
-31.62,0,-30.29,169.6,1.11
-25.91,0,-30.33,276.12,0.96
-20.25,0,-30.31,340.68,0.98
-14.64,0,-30.46,99.47,0.93
-8.99,0,-30.49,291.72,1.09
-3.35,0,-30.29,292.38,1.13
2.36,0,-30.43,307.84,0.93
7.96,0,-30.33,331.61,1.04
13.49,0,-30.41,174.83,1
19.2,0,-30.4,214.8,1.12
24.67,0,-30.3,269.46,0.93
30.29,0,-30.28,3.08,1.17
36.05,0,-30.31,252.44,0.96
-35.42,0,-29.75,58.63,1.18
-29.95,0,-29.7,126.57,0.95
-24.21,0,-29.7,233.73,0.96
-18.66,0,-29.85,320.18,1.21
-13.04,0,-29.93,61.05,1.03
-7.25,0,-29.91,65.48,1.21
-1.63,0,-29.73,357.53,1.11
4.02,0,-29.74,187.6,1
9.49,0,-29.86,269.39,1.11
15.07,0,-29.92,74.87,1.07
20.7,0,-29.77,95.17,0.91
26.56,0,-29.74,289.61,1.09
32.11,0,-29.77,81.23,0.91
37.7,0,-29.92,304.91,1.04
-33.69,0,-29.26,231.18,0.95
-28.03,0,-29.17,153.55,1.04
-22.38,0,-29.2,283.65,0.95
-16.94,0,-29.33,159.51,0.95
-11.13,0,-29.36,192.24,1.19
-5.69,0,-29.37,253.81,1.18
0.09,0,-29.37,66.11,0.94
5.59,0,-29.15,238.49,0.95
11.36,0,-29.19,72.87,0.95
16.87,0,-29.39,344.2,1.07
22.48,0,-29.23,327.93,1
28.15,0,-29.24,353.19,1.01
33.85,0,-29.36,288.91,0.94
-37.6,0,-28.8,12.16,0.97
-32.08,0,-28.67,230.67,1.15
-26.33,0,-28.7,29.81,1.14
-20.77,0,-28.6,248.57,0.98
-15.24,0,-28.63,275.07,1.08
-9.59,0,-28.78,19.5,0.88
-4.02,0,-28.7,207.81,1.03
1.69,0,-28.66,359.83,1.09
7.31,0,-28.75,9.31,1.01
13.06,0,-28.61,65.4,1.17
18.58,0,-28.62,35.83,1.05
24.08,0,-28.82,13.23,1
29.9,0,-28.79,97.53,1.14
35.5,0,-28.81,246.29,0.9
-35.95,0,-28.11,208.81,0.95
-30.47,0,-28.05,58.39,1.19
-24.69,0,-28.13,6.57,0.89
-19.03,0,-28.21,314.31,0.97
-13.58,0,-28.07,26.77,0.88
-7.8,0,-28.14,277.99,1.08
-2.3,0,-28.21,288.11,0.94
3.33,0,-28.02,301.34,0.89
9.02,0,-28.09,203.32,1.18
14.52,0,-28.06,86.81,1.01
20.22,0,-28.2,226.63,1.14
25.82,0,-28.17,50.27,1.14
31.45,0,-28.23,78.27,1.03
37.03,0,-28.03,212.58,1.01
-34.38,0,-27.58,6.75,1.16
-28.66,0,-27.56,89.75,1.22
-22.97,0,-27.52,222.19,1.08
-17.42,0,-27.67,162.24,0.93
-11.75,0,-27.58,2.86,1.21
-6.15,0,-27.69,92.26,1.07
-0.67,0,-27.54,214.35,0.98
5.13,0,-27.63,276.65,0.93
10.65,0,-27.62,28.87,1.19
16.32,0,-27.47,198.17,1.19
21.85,0,-27.67,27.91,0.89
27.55,0,-27.68,118.51,1.06
33.2,0,-27.69,257.15,1.02
-38.15,0,-27.07,31.15,1.2
-32.62,0,-27,94.34,1.08
-26.93,0,-27,75.03,1.04
-21.28,0,-26.94,62.11,0.91
-15.83,0,-27.06,4.03,1.19
-10.02,0,-27.1,40.01,1.14
-4.58,0,-27.05,287.08,1.07
1.21,0,-27.07,16.8,1.05
6.8,0,-26.96,95.67,0.97
12.43,0,-26.92,316.19,1.1
18.06,0,-27.07,199.37,1.01
23.59,0,-27.12,71.6,0.98
29.31,0,-26.89,163.81,1.05
34.76,0,-26.98,48.51,1.16
-36.56,0,-26.5,116.56,1.08
-30.87,0,-26.52,327.26,1.05
-25.36,0,-26.55,70.29,1.17
-19.6,0,-26.57,154.64,1.13
-14,0,-26.51,346.85,1.08
-8.32,0,-26.52,177.12,1.05
-2.78,0,-26.49,200.26,1.2
2.82,0,-26.46,314.46,1.1
8.55,0,-26.47,108,1.05
14.11,0,-26.39,328.54,1.15
19.64,0,-26.34,249.26,1.18
25.36,0,-26.52,233.95,0.91
30.89,0,-26.56,97.54,1.12
36.52,0,-26.56,68.21,0.9
-34.84,0,-25.93,75.68,1.22
-29.21,0,-25.78,246.39,1.21
-23.75,0,-25.81,354.89,1
-17.9,0,-25.91,59.97,1.22
-12.27,0,-25.81,315.61,1.11
-6.81,0,-25.86,285.86,1.05
-1.04,0,-25.9,113.05,1.07
4.42,0,-25.89,295.5,1.09
10.22,0,-25.88,233.63,1.19
15.65,0,-25.9,193.19,1.05
21.39,0,-25.79,11.01,0.91
26.92,0,-25.82,289.43,1.07
32.76,0,-25.95,183.16,1
38.33,0,-25.87,256.24,1.07
-33.3,0,-25.28,160.55,1.08
-27.69,0,-25.4,337.16,1.2
-21.89,0,-25.25,268.48,0.92
-16.3,0,-25.28,11.38,0.91
-10.58,0,-25.31,235.7,0.93
-4.95,0,-25.4,206.01,1.14
0.5,0,-25.43,244.52,1.09
6.09,0,-25.22,262.18,1.2
11.87,0,-25.35,218.76,1.17
17.41,0,-25.31,251.2,0.89
23.02,0,-25.35,271.43,1.15
28.62,0,-25.25,282.55,0.91
34.36,0,-25.22,95.48,1.01
-37.14,0,-24.68,233.39,1
-31.62,0,-24.72,328.58,1.13
-25.78,0,-24.67,167.96,0.96
-20.18,0,-24.69,245.78,1.02
-14.52,0,-24.79,350.65,1.04
-8.88,0,-24.77,186.03,1.2
-3.39,0,-24.75,208.36,1
2.21,0,-24.77,194.29,0.88
7.79,0,-24.7,254.93,1.04
13.44,0,-24.77,279.76,1.17
19.07,0,-24.65,263.54,0.93
24.69,0,-24.69,334.82,0.97
30.37,0,-24.75,48.44,1.06
36.06,0,-24.77,134.16,0.96
-35.33,0,-24.26,275.39,0.9
-29.8,0,-24.24,251.17,1.13
-24.21,0,-24.13,231.05,0.94
-18.48,0,-24.09,219.33,0.98
-12.86,0,-24.3,157.28,1.07
-7.2,0,-24.1,150.07,0.99
-1.59,0,-24.23,71.46,1
3.82,0,-24.29,262.91,1.01
9.66,0,-24.08,117.69,1.19
15.27,0,-24.17,238.37,0.99
20.89,0,-24.31,136.84,1.14
26.36,0,-24.12,25.9,1.07
32.16,0,-24.11,328.37,1.16
37.77,0,-24.11,133.99,1.2
-33.69,0,-23.52,97.36,1.17
-28.11,0,-23.56,233.76,1.13
-22.48,0,-23.63,199.66,0.96
-16.89,0,-23.68,74.66,1
-11.22,0,-23.52,264.21,1.01
-5.52,0,-23.56,80.31,0.97
-0.09,0,-23.72,143.25,1.11
5.63,0,-23.73,284.03,1.15
11.19,0,-23.56,150.35,0.98
16.94,0,-23.52,15.95,0.9
22.5,0,-23.57,291.49,0.98
28.16,0,-23.55,353.02,1.14
33.88,0,-23.66,38.55,1.03
-37.75,0,-22.96,264.52,0.91
-32.03,0,-23.15,220.94,1.01
-26.41,0,-23.08,5.26,0.94
-20.76,0,-22.96,108.91,1.1
-15.26,0,-23.12,52.86,1.04
-9.55,0,-23.17,166.1,1.18
-4.02,0,-23.11,60.82,0.98
1.75,0,-23.2,135.32,1.2
7.21,0,-23.19,8.11,1.13
12.95,0,-23.08,50.57,1.05
18.66,0,-22.95,342.32,1.02
24.3,0,-23.09,178.31,1
29.76,0,-22.97,162.09,1.08
35.34,0,-23.16,75.29,0.99
-36.05,0,-22.54,270.13,0.94
-30.26,0,-22.52,229.39,1.09
-24.81,0,-22.41,159.28,0.95
-19.21,0,-22.44,123.12,1.01
-13.39,0,-22.46,105.55,0.93
-7.92,0,-22.41,356.61,1.06
-2.38,0,-22.39,185.26,1.01
3.4,0,-22.41,234.05,1.21
8.99,0,-22.63,171.72,1.11
14.73,0,-22.56,258.75,0.89
20.3,0,-22.6,155.95,1.03
25.95,0,-22.55,254.56,1.05
31.45,0,-22.59,187.18,0.92
37.08,0,-22.47,4.18,1.21
-34.22,0,-21.97,22.04,1.19
-28.82,0,-21.93,179.44,1.04
-23.03,0,-21.96,227.85,1.17
-17.56,0,-21.9,282.08,1.07
-11.93,0,-21.83,27.96,1.09
-6.26,0,-21.83,20.36,1.05
-0.59,0,-21.83,224.17,1.2
5.07,0,-21.97,241.02,1.13
10.67,0,-21.97,103.47,1.18
16.21,0,-22.04,217.13,0.93
21.94,0,-22.04,38.38,1.07
27.62,0,-21.87,205.95,0.9
33.23,0,-21.96,109.06,1.14
-38.14,0,-21.46,309.13,0.91
-32.64,0,-21.36,304.68,1.11
-27.02,0,-21.43,289.84,0.89
-21.42,0,-21.28,206.96,0.91
-15.77,0,-21.36,150.11,1.16
-10.03,0,-21.4,18.44,0.99
-4.5,0,-21.3,77.61,1.16
1.22,0,-21.27,290.07,0.92
6.74,0,-21.39,149.74,1.05
12.48,0,-21.44,98.5,1.07
17.89,0,-21.47,69.73,0.93
23.63,0,-21.4,208.41,0.93
29.32,0,-21.38,209.81,0.9
34.95,0,-21.41,147.68,0.97
-36.45,0,-20.94,81.48,1.15
-31.03,0,-20.72,61.35,0.88
-25.3,0,-20.76,54.45,1.05
-19.79,0,-20.93,340.62,1.11
-14.03,0,-20.86,93.18,0.99
-8.35,0,-20.94,7.68,1.18
-2.79,0,-20.9,92.74,1.11
2.92,0,-20.81,311.24,1.14
8.53,0,-20.89,256.6,0.96
13.95,0,-20.76,259.41,1.06
19.72,0,-20.86,140.75,1.05
25.21,0,-20.94,156.26,1.22
30.9,0,-20.71,309.11,1.17
36.5,0,-20.7,150.11,1.09
-35,0,-20.14,329.27,1.13
-29.24,0,-20.22,133.18,0.89
-23.63,0,-20.27,203.94,1.16
-17.98,0,-20.39,302.32,1
-12.34,0,-20.36,265.62,1.1
-6.86,0,-20.38,61.92,1.19
-1.24,0,-20.36,208.53,1
4.42,0,-20.15,266.85,0.95
10.06,0,-20.37,194.22,1.21
15.69,0,-20.15,339.74,1.04
21.31,0,-20.36,126.51,1.19
27.09,0,-20.29,170.3,1.03
32.69,0,-20.22,124.34,0.94
38.37,0,-20.24,154.41,1.06
-33.09,0,-19.7,283.57,0.97
-27.51,0,-19.79,223.11,1.22
-21.82,0,-19.66,137.71,1.01
-16.44,0,-19.57,185.64,0.96
-10.6,0,-19.69,244.89,1.04
-5.08,0,-19.68,268.34,1.12
0.55,0,-19.76,359.58,1.19
6.31,0,-19.68,215.91,1.02
11.92,0,-19.81,200.99,1.03
17.38,0,-19.78,301.32,1
22.95,0,-19.81,100.23,1.01
28.68,0,-19.78,129.57,1.04
34.37,0,-19.64,114.48,1.04
-37.15,0,-19.19,111.99,1.09
-31.64,0,-19.04,313.61,1.06
-25.79,0,-19.21,233.19,0.98
-20.28,0,-19.18,308.61,1.02
-14.67,0,-19.1,270.16,0.92
-9.08,0,-19.11,99.2,0.89
-3.46,0,-19.26,193.85,0.92
2.25,0,-19.03,22.32,1.02
7.98,0,-19.16,340.19,1.2
13.38,0,-19.06,337.09,1.04
19.05,0,-19.03,167.58,1.13
24.65,0,-19.13,63.12,1.05
30.29,0,-19.25,48.66,1.15
35.93,0,-19.03,228.73,1.04
-35.52,0,-18.54,347.24,1.18
-29.76,0,-18.63,220.27,0.95
-24.28,0,-18.58,0.52,1.16
-18.47,0,-18.49,162.35,1.11
-12.89,0,-18.57,353.71,0.95
-7.3,0,-18.53,96.23,1.02
-1.73,0,-18.62,7.92,1.19
3.87,0,-18.63,62.79,0.93
9.6,0,-18.62,88.2,1.07
15.26,0,-18.48,300.22,0.88
20.74,0,-18.53,76.21,1
26.38,0,-18.5,155.12,1.01
32.05,0,-18.58,50.59,1.1
37.7,0,-18.69,302.76,1.13
-33.89,0,-17.89,138.77,1.07
-28.11,0,-18.04,329.82,0.95
-22.62,0,-17.97,243.25,1.18
-16.83,0,-18.13,298.17,1.01
-11.25,0,-17.92,226.59,0.99
-5.69,0,-17.96,156.49,0.94
-0.04,0,-17.98,74.04,1.17
5.63,0,-17.9,260.38,1.17
11.2,0,-17.95,253.77,1.04
16.91,0,-17.98,113.7,1.17
22.63,0,-18.09,199.15,1.15
28.2,0,-17.93,341.34,0.98
33.68,0,-18.11,220.1,0.96
-37.74,0,-17.4,284.74,1.08
-31.96,0,-17.32,9.41,1.16
-26.42,0,-17.42,348.85,1.16
-20.91,0,-17.55,201.94,1.16
-15.19,0,-17.53,246.42,1.1
-9.44,0,-17.5,344.29,1.05
-4.07,0,-17.48,101.17,0.91
1.69,0,-17.46,172.97,1.01
7.28,0,-17.41,215.66,1.06
13.05,0,-17.55,73.88,0.94
18.67,0,-17.42,216.4,1.15
24.29,0,-17.36,298.79,0.96
29.91,0,-17.39,135.81,1.2
35.39,0,-17.41,279.85,1.12
-36.04,0,-17.01,161.83,0.88
-30.27,0,-16.77,57.89,0.92
-24.77,0,-16.83,74.68,1.05
-19.17,0,-16.9,10.33,1.12
-13.61,0,-16.81,353.66,0.91
-7.81,0,-16.88,246.16,0.93
-2.15,0,-16.94,234.84,1.15
3.34,0,-16.91,133.51,1.01
9.04,0,-16.95,244.39,0.93
14.72,0,-16.86,109.31,0.91
20.24,0,-16.8,231.55,0.88
25.91,0,-16.92,316.55,1.08
31.61,0,-16.94,328.55,0.94
37.13,0,-16.87,104.51,1.01
-34.35,0,-16.21,64.81,1.05
-28.79,0,-16.23,31.1,0.98
-22.99,0,-16.27,305.68,1.01
-17.44,0,-16.43,139.21,0.99
-11.84,0,-16.43,190.87,0.92
-6.08,0,-16.41,11.65,0.92
-0.59,0,-16.37,325.94,1
4.97,0,-16.26,349.5,0.94
10.59,0,-16.43,92.05,1.19
16.38,0,-16.38,107.55,1.19
21.89,0,-16.25,306.12,1.07
27.54,0,-16.26,331.1,1
33.27,0,-16.33,281.91,0.97
-38.16,0,-15.8,152.66,0.95
-32.71,0,-15.74,89.13,1.04
-27.1,0,-15.88,94.09,1.13
-21.31,0,-15.68,202.52,1.02
-15.66,0,-15.87,357.73,1.17
-10.21,0,-15.73,321.63,1.03
-4.55,0,-15.78,358.3,1.15
1.09,0,-15.79,63.71,0.95
6.84,0,-15.81,51.79,0.89
12.3,0,-15.8,110.81,1.01
18.03,0,-15.63,328.02,1
23.52,0,-15.83,58.23,1.21
29.27,0,-15.82,189.98,0.9
35,0,-15.74,119.83,1.18
-36.48,0,-15.08,250.98,0.94
-31.03,0,-15.32,16.17,0.93
-25.24,0,-15.29,316.4,0.91
-19.58,0,-15.19,104.46,0.97
-14.16,0,-15.19,149.56,1.05
-8.35,0,-15.09,217.47,0.93
-2.84,0,-15.15,54.05,1.04
2.9,0,-15.22,307.32,0.91
8.4,0,-15.22,273.3,1.2
14.07,0,-15.19,126.22,1.2
19.65,0,-15.3,200.53,1.15
25.31,0,-15.17,32.57,1.04
31.06,0,-15.25,234.23,1.09
36.59,0,-15.11,343.36,1.09
-35,0,-14.55,341.49,1.19
-29.29,0,-14.61,2.32,1.03
-23.51,0,-14.64,169.96,0.95
-17.98,0,-14.67,244.76,0.95
-12.26,0,-14.75,11.66,1.11
-6.71,0,-14.69,228.65,1.16
-1.03,0,-14.63,31.44,1.15
4.61,0,-14.68,332.94,1.04
10.13,0,-14.72,186.02,1.05
15.64,0,-14.74,351.95,1.18
21.41,0,-14.6,4.35,1.15
26.97,0,-14.57,307.6,1.07
32.69,0,-14.7,1.33,1.15
38.35,0,-14.6,307.2,1.07
-33.12,0,-14.2,261.61,1.07
-27.5,0,-14.16,88.61,0.9
-21.93,0,-14.2,328.04,0.91
-16.33,0,-13.95,309.71,0.93
-10.59,0,-14.07,27.98,1.18
-4.97,0,-14.17,26.31,0.9
0.6,0,-14.17,138.17,1.02
6.07,0,-14.17,293.52,1.16
11.94,0,-14.18,128.73,0.91
17.36,0,-14.07,243.3,1.04
23.13,0,-14.14,138.73,1.03
28.59,0,-14.19,320.45,1.12
34.44,0,-13.95,177.5,1.2
-37.17,0,-13.59,281.54,1.11
-31.52,0,-13.43,219.32,0.92
-25.79,0,-13.56,269.54,1.15
-20.32,0,-13.63,321.41,0.97
-14.51,0,-13.45,244.89,1.06
-8.98,0,-13.53,238.29,1.21
-3.48,0,-13.43,44.85,0.89
2.36,0,-13.56,306.14,0.95
7.95,0,-13.59,289.61,1.17
13.63,0,-13.44,224.43,0.92
19.17,0,-13.42,42.42,1.01
24.69,0,-13.57,16.03,1.17
30.32,0,-13.47,282.48,1.08
36,0,-13.45,146.75,1.11
-35.46,0,-12.94,246.5,1.05
-29.87,0,-13.02,225.64,0.96
-24.19,0,-12.92,306.09,0.95
-18.65,0,-12.9,325.35,0.97
-12.87,0,-12.99,184.57,1.2
-7.31,0,-12.85,85.88,0.89
-1.81,0,-12.93,277.77,1.06
4.02,0,-12.85,107.29,1.01
9.51,0,-12.87,272.13,1.21
15.32,0,-12.92,158.24,0.98
20.84,0,-12.84,84.04,1.02
26.53,0,-12.94,217.33,0.92
32.01,0,-13.06,199.43,1.13
37.7,0,-13,239.19,0.94
-33.71,0,-12.27,328.43,0.89
-28.23,0,-12.51,33.67,0.99
-22.49,0,-12.31,279.97,1.02
-16.97,0,-12.37,129.81,1.22
-11.2,0,-12.42,44.26,1.01
-5.57,0,-12.33,3.19,1.16
-0.07,0,-12.5,178.68,1.16
5.51,0,-12.43,323.03,1.11
11.24,0,-12.34,223.32,1.18
16.88,0,-12.39,277.11,0.94
22.43,0,-12.35,123.19,1.16
28.06,0,-12.5,262.65,1.13
33.71,0,-12.28,1.55,0.89
-37.82,0,-11.7,237.78,1.06
-32.07,0,-11.9,192.78,1.11
-26.52,0,-11.75,281.13,1.18
-20.78,0,-11.76,88.3,0.94
-15.18,0,-11.81,26.18,1.03
-9.62,0,-11.77,96.62,1.11
-4.04,0,-11.85,334.33,1.04
1.72,0,-11.89,33.66,1.21
7.32,0,-11.74,62.97,0.91
12.89,0,-11.81,71.89,1.1
18.52,0,-11.79,313.63,0.93
24.31,0,-11.94,132.41,0.96
29.81,0,-11.92,246.96,1.02
35.37,0,-11.81,178.37,1.02
-36.01,0,-11.32,67.45,1.19
-30.46,0,-11.28,343.7,1.12
-24.86,0,-11.33,16.56,1.12
-19.17,0,-11.27,202.09,1.15
-13.4,0,-11.31,90.31,1.02
-7.82,0,-11.15,199.65,1.08
-2.23,0,-11.37,257.24,0.92
3.44,0,-11.19,189.53,1.13
9.09,0,-11.24,355.78,1.19
14.63,0,-11.2,287.74,0.97
20.21,0,-11.37,63.56,0.93
25.79,0,-11.3,197.95,0.89
31.56,0,-11.16,266.31,1.09
37.26,0,-11.31,281.61,1.07
-34.42,0,-10.64,96.94,0.99
-28.58,0,-10.64,310.17,1.19
-23.02,0,-10.61,326.68,0.94
-17.5,0,-10.66,238.12,1.06
-11.94,0,-10.65,67.28,1.01
-6.23,0,-10.68,27.48,1.01
-0.58,0,-10.59,277.22,0.88
4.98,0,-10.78,129.95,0.97
10.6,0,-10.61,84.4,1.05
16.26,0,-10.79,233.85,1.08
22.02,0,-10.66,220.13,0.91
27.51,0,-10.69,170.6,0.89
33.22,0,-10.72,240.9,0.91
-38.33,0,-10.21,222.73,1.09
-32.6,0,-10.02,272.58,1.03
-27.08,0,-10.16,155.19,1
-21.32,0,-10.01,110.54,0.95
-15.74,0,-10.07,127.75,1.11
-10.01,0,-10.21,317.51,0.97
-4.46,0,-10.06,330.66,0.89
1.24,0,-10.16,274.66,0.89
6.72,0,-10.05,283.41,1.12
12.45,0,-10.23,317.92,1.03
17.92,0,-10.1,272.07,0.99
23.76,0,-10.14,50.85,0.96
29.19,0,-10.18,185.9,1.13
34.85,0,-10.15,131.86,0.92
-36.59,0,-9.58,44.9,0.91
-30.87,0,-9.58,352.82,1.21
-25.35,0,-9.51,59.89,1.04
-19.58,0,-9.47,54.02,1.2
-14,0,-9.62,140.73,0.97
-8.37,0,-9.53,245.72,1.22
-2.86,0,-9.63,20.85,0.94
2.86,0,-9.56,339.07,1.12
8.34,0,-9.56,179.11,1.19
14.15,0,-9.46,110.1,0.94
19.78,0,-9.66,140.94,1.09
25.35,0,-9.5,348.22,1.01
31.06,0,-9.52,207.59,1.11
36.57,0,-9.55,226.37,0.92
-34.85,0,-9.09,56.14,1.05
-29.24,0,-9.03,178.54,0.96
-23.68,0,-9.02,4.74,1.12
-17.91,0,-9.12,224.87,1.15
-12.43,0,-8.98,155.11,1.17
-6.7,0,-9.06,35.5,1.05
-1.06,0,-8.88,281.06,0.9
4.52,0,-9,138.51,1.12
10.22,0,-9.04,215.63,0.98
15.77,0,-9.04,277.58,1.04
21.27,0,-9.06,3.08,0.88
27.11,0,-9.09,215.91,1.1
32.51,0,-9.11,113.51,1.19
38.22,0,-8.96,128.75,1.19
-33.29,0,-8.41,46.92,0.91
-27.46,0,-8.55,156.48,1.19
-21.9,0,-8.53,199.96,0.92
-16.2,0,-8.36,105.8,0.99
-10.82,0,-8.42,222.1,1
-5.15,0,-8.42,12.44,1.18
0.61,0,-8.56,210.54,1.18
6.31,0,-8.41,42.13,0.89
11.77,0,-8.4,338.45,0.97
17.37,0,-8.42,355.82,0.91
22.99,0,-8.4,239.36,1.08
28.7,0,-8.39,18.11,1.01
34.44,0,-8.55,268.13,1.08
-37.03,0,-7.82,315.98,1.09
-31.48,0,-7.84,304.96,0.98
-25.9,0,-7.89,76.9,0.96
-20.19,0,-7.93,167.77,1
-14.64,0,-7.92,261.86,0.88
-8.92,0,-7.79,133.17,1.16
-3.4,0,-7.91,203.17,1.12
2.23,0,-7.77,331.06,1.22
7.8,0,-7.78,201.68,0.95
13.55,0,-7.98,295.09,1.04
19.1,0,-7.84,198.52,1
24.73,0,-8,347.02,1.02
30.36,0,-7.83,282.18,1.04
36.08,0,-7.95,224.22,1.2
-35.57,0,-7.38,53.41,0.93
-29.73,0,-7.39,11.29,1.06
-24.26,0,-7.29,191.18,1.04
-18.67,0,-7.27,280.84,1.21
-12.84,0,-7.24,109.97,1.17
-7.37,0,-7.37,52.78,0.99
-1.8,0,-7.41,211.49,0.91
3.86,0,-7.33,207.05,1.04
9.66,0,-7.29,131.61,1.21
15.18,0,-7.4,133.28,1.06
20.94,0,-7.41,215.85,1.12
26.4,0,-7.24,161.87,0.89
32.19,0,-7.39,283.12,0.91
37.68,0,-7.26,139.36,1
-33.67,0,-6.68,197.03,0.95
-28.25,0,-6.88,311.72,1.07
-22.55,0,-6.67,279.5,1.09
-16.89,0,-6.82,203.71,1.16
-11.14,0,-6.82,230.63,1.05
-5.53,0,-6.82,42.11,0.97
-0.02,0,-6.64,110.03,1.07
5.54,0,-6.67,146.03,0.94
11.33,0,-6.73,71.93,1.11
16.8,0,-6.63,141.99,1.21
22.41,0,-6.65,75.4,1.12
28.13,0,-6.8,254.72,0.94
33.82,0,-6.64,176.73,1.16
-37.81,0,-6.31,353.87,1.01
-32.13,0,-6.3,130.21,1.17
-26.41,0,-6.28,232.61,0.91
-20.73,0,-6.07,319.81,0.98
-15.1,0,-6.24,228.18,1.02
-9.5,0,-6.23,31.61,0.95
-3.93,0,-6.1,263.1,0.94
1.68,0,-6.11,6.02,1.03
7.34,0,-6.25,28.15,0.9
12.82,0,-6.3,243.77,1.13
18.45,0,-6.27,238.15,1.07
24.21,0,-6.18,173.85,1.19
29.75,0,-6.08,335.24,0.97
35.35,0,-6.29,351.23,1.12
-36.13,0,-5.55,218.82,1.1
-30.5,0,-5.69,133.01,1.06
-24.78,0,-5.67,39.98,1.21
-19.25,0,-5.75,1.79,1.22
-13.39,0,-5.75,283.3,1.08
-7.76,0,-5.69,353.03,1.17
-2.33,0,-5.54,76.09,1.02
3.3,0,-5.63,213.64,0.97
9.12,0,-5.66,352.72,1
14.6,0,-5.66,229.6,1.08
20.22,0,-5.75,126.09,0.96
25.93,0,-5.55,202.46,1.03
31.54,0,-5.7,98.19,1.21
37.18,0,-5.64,350.15,0.92
-34.39,0,-5.16,88.83,1.06
-28.73,0,-5.19,121.82,1.1
-23.08,0,-5.03,150.21,0.92
-17.4,0,-4.96,2.76,1.06
-11.93,0,-5.11,295.04,1.17
-6.17,0,-5.05,146.4,1.03
-0.47,0,-5.08,254.04,0.95
5.05,0,-5.03,153.02,1.17
10.6,0,-5.01,170.02,0.91
16.21,0,-5.1,173.57,0.92
21.89,0,-5.12,221.77,1.15
27.54,0,-5.14,64.71,0.94
33.21,0,-5.02,191.89,1.12
-38.25,0,-4.43,200.06,1.16
-32.51,0,-4.43,328.1,1.18
-27,0,-4.41,89.53,0.98
-21.43,0,-4.4,278.97,1.11
-15.76,0,-4.58,316.78,0.95
-10.19,0,-4.43,321.49,0.93
-4.49,0,-4.54,237.54,1.2
1.06,0,-4.41,220.27,0.95
6.72,0,-4.62,66.91,1.01
12.43,0,-4.39,301.85,1.05
18.11,0,-4.59,165.78,0.89
23.62,0,-4.57,164.44,1.11
29.25,0,-4.44,239.14,1.1
34.86,0,-4.46,294.89,0.97
-36.58,0,-3.99,206.36,1.17
-30.91,0,-3.94,95.85,1.17
-25.32,0,-4.01,132.24,0.89
-19.69,0,-4.03,2.46,1.14
-13.99,0,-3.89,24.08,1.1
-8.34,0,-4.03,41.96,0.91
-2.71,0,-3.82,331.44,0.96
3.41,0,-3.96,238.49,1.17
8.95,0,-3.82,142.3,1.14
14.57,0,-3.86,338.02,0.97
20.22,0,-3.84,174.2,1.08
25.82,0,-4.07,110.32,1.02
31.64,0,-3.89,352,1.06
37.04,0,-3.97,256.48,1.16
-34.42,0,-3.46,309.67,1.1
-28.78,0,-3.49,311.98,0.98
-23.13,0,-3.39,237.89,1.16
-17.37,0,-3.3,43.71,1.02
-11.84,0,-3.39,194.52,0.96
-6.09,0,-3.3,196.19,1.2
3.94,0,-3.46,6.07,1.16
9.53,0,-3.45,72.12,1.03
15.21,0,-3.38,41.54,0.96
20.81,0,-3.34,147.8,1
26.51,0,-3.32,185.67,1.01
32.07,0,-3.28,203.76,1.17
37.71,0,-3.44,155.18,1.03
-33.71,0,-2.91,220.95,1.15
-28.08,0,-2.8,34.66,0.99
-22.41,0,-2.7,29.53,1.09
-16.87,0,-2.82,91.82,0.91
-11.32,0,-2.91,208.3,1.14
-5.65,0,-2.79,174.46,1.19
6.15,0,-2.73,176.87,1.16
11.84,0,-2.82,131.73,1.17
17.44,0,-2.81,18.21,1.11
23.08,0,-2.85,183.72,1.09
28.58,0,-2.85,339.66,0.99
34.35,0,-2.77,328.89,1
-37.19,0,-2.27,174.28,0.98
-31.44,0,-2.3,108.62,1.12
-25.85,0,-2.26,353.8,0.93
-20.27,0,-2.36,53.96,1
-14.65,0,-2.14,130.33,1.15
-9.07,0,-2.16,345.77,0.95
3.42,0,-2.29,140.37,1.1
8.9,0,-2.23,171.69,1.03
14.71,0,-2.21,70.29,0.98
20.28,0,-2.29,196.09,1.04
25.97,0,-2.29,304.08,1.2
31.61,0,-2.25,25.36,1.08
37.23,0,-2.14,39.09,1.11
-34.31,0,-1.57,118.67,1.12
-28.58,0,-1.67,94.12,1.13
-23.18,0,-1.57,270.83,1.06
-17.4,0,-1.76,253.94,0.95
-11.89,0,-1.6,179.29,0.92
-6.17,0,-1.66,257.99,0.89
6.87,0,-1.81,140.44,1.04
12.4,0,-1.58,207.2,1.19
17.91,0,-1.64,292.26,1.08
23.62,0,-1.71,97.44,1.21
29.14,0,-1.72,142.42,1.18
34.98,0,-1.63,176.49,0.97
-36.51,0,-1.11,94.71,0.92
-30.98,0,-1.23,122.92,1.05
-25.22,0,-1.03,182.93,0.95
-19.69,0,-1.22,206.32,1.04
-14.03,0,-1.1,354.04,1.18
-8.35,0,-1.11,146.66,1.16
4.58,0,-1.07,245.88,0.92
10.18,0,-1.17,268.07,0.96
15.66,0,-1.06,199.1,1.17
21.42,0,-1.01,193.26,1.13
27.12,0,-1.1,253.13,0.95
32.68,0,-1.05,152.26,0.98
38.31,0,-1.2,213.9,1.21
-33.23,0,-0.46,347.33,1.03
-27.56,0,-0.44,68.45,0.88
-21.99,0,-0.49,193.55,0.99
-16.41,0,-0.65,21.99,1.05
-10.62,0,-0.64,207.36,1.19
-5.18,0,-0.57,5.84,0.95
7.81,0,-0.64,157.37,0.9
13.63,0,-0.51,357.61,0.96
19.13,0,-0.56,327.78,1.2
24.85,0,-0.49,257.21,0.89
30.33,0,-0.46,326.55,1
36.14,0,-0.63,117.2,0.92
-35.5,0,0.1,276.46,0.9
-29.89,0,-0.13,211.29,1.17
-24.23,0,0.04,107.83,1.15
-18.52,0,-0.04,137.6,1.17
-12.99,0,0.03,202.86,1.15
-7.42,0,-0.03,337.21,1.13
5.65,0,0.04,312.91,1.19
11.35,0,-0.06,72.17,0.97
16.89,0,-0.13,94.02,1.02
22.48,0,0.05,296,0.96
28.22,0,0.1,224.98,1.1
33.71,0,-0.1,249.89,1.17
-37.6,0,0.68,121.41,1.01
-32.15,0,0.69,224.27,1.21
-26.33,0,0.48,175.03,0.91
-20.78,0,0.62,71.41,1.17
-15.23,0,0.6,100.65,0.97
-9.52,0,0.48,248.21,1.01
-3.99,0,0.52,106.57,0.96
8.92,0,0.54,67.86,0.96
14.74,0,0.68,279.31,1.18
20.16,0,0.5,221.77,0.98
25.97,0,0.53,74.08,1.08
31.57,0,0.52,195.04,0.93
37.05,0,0.59,104.8,1.11
-34.29,0,1.05,237.13,1.16
-28.69,0,1.11,269.13,1.11
-22.98,0,1.02,228.63,1.21
-17.53,0,1.2,70.29,1.1
-11.84,0,1.09,313.89,1.02
-6.12,0,1.22,200.08,0.91
6.81,0,1.16,341.38,1.07
12.27,0,1.06,29.47,1.02
18.01,0,1.09,11.46,1.07
23.68,0,1.22,192.17,1.12
29.17,0,1.13,144.18,0.93
34.83,0,1.05,292.18,0.91
-36.5,0,1.79,262.28,0.94
-31.06,0,1.73,150.45,1.11
-25.2,0,1.67,354.71,1.06
-19.75,0,1.59,184.57,1
-14.12,0,1.62,345.62,1.04
-8.42,0,1.66,210.4,1.18
4.52,0,1.68,164.05,1.17
10.09,0,1.65,188.32,1.05
15.65,0,1.57,257.29,1.2
21.32,0,1.68,220.6,1.03
27.07,0,1.6,117.48,1.04
32.52,0,1.72,241.86,1.2
38.19,0,1.78,34.45,1.15
-33.22,0,2.18,242.82,1.19
-27.57,0,2.14,87.26,1.1
-21.87,0,2.29,39.93,0.9
-16.3,0,2.25,181.97,1.16
-10.72,0,2.22,205.2,1.14
-5.03,0,2.13,208.91,0.9
7.2,0,2.21,205.83,1.1
12.84,0,2.17,260.79,1.17
18.55,0,2.36,356.73,0.98
24.28,0,2.25,167.63,1.05
29.95,0,2.3,215.92,1.19
35.39,0,2.36,118.06,0.91
-35.96,0,2.88,351.05,0.96
-30.31,0,2.83,89.78,0.98
-24.79,0,2.7,279.05,1.01
-19.24,0,2.88,167.24,0.95
-13.61,0,2.75,228.51,0.96
-7.83,0,2.78,184.21,1.06
3.38,0,2.76,308.17,1.19
8.91,0,2.88,140.92,1.12
14.51,0,2.79,296.82,1.06
20.17,0,2.72,234.76,1.08
25.77,0,2.9,217.45,1.2
31.44,0,2.94,273.59,0.99
37.02,0,2.71,133.75,0.93
-34.23,0,3.31,102.46,1.15
-28.7,0,3.44,266.4,1.09
-23.11,0,3.44,66.53,0.95
-17.42,0,3.26,337.37,1.06
-11.78,0,3.26,249.54,0.98
-6.13,0,3.26,176.41,1.13
4.51,0,3.31,77.95,1.08
10.22,0,3.43,178.13,1.14
15.74,0,3.45,243.74,1.07
21.39,0,3.42,296.65,1.07
27.04,0,3.37,352.61,0.93
32.68,0,3.29,321.72,0.98
38.26,0,3.39,175.12,1.11
-33.21,0,4.05,89.04,1.13
-27.6,0,4.06,338.61,1.13
-22.04,0,3.85,286.04,0.99
-16.36,0,3.87,36.49,0.98
-10.62,0,3.83,297.55,1.07
-5.06,0,3.99,174.57,0.89
2.36,0,4.05,70.5,0.93
7.83,0,3.92,132.98,1.06
13.47,0,3.9,48.01,0.95
19.2,0,3.82,80.78,0.92
24.73,0,4.03,185.44,0.93
30.43,0,3.99,181.76,0.89
36.05,0,3.98,21.01,1.09
-35.34,0,4.59,185.47,0.93
-29.89,0,4.56,190.34,1.16
-24.3,0,4.41,330.53,1.15
-18.46,0,4.46,238.76,1.06
-12.85,0,4.61,306.94,1.16
-7.3,0,4.54,174.93,1.04
-1.78,0,4.53,7.49,0.94
4.01,0,4.53,101.38,0.9
9.45,0,4.57,81.44,1.22
15.22,0,4.42,353.48,1.15
20.89,0,4.49,127.25,1
26.48,0,4.62,161.42,1.05
32.2,0,4.5,356.25,1.07
37.67,0,4.5,314.02,1.13
-33.73,0,5.04,354.4,0.99
-28.14,0,5.18,184.22,1.09
-22.49,0,5.05,265.68,1.11
-16.93,0,5.06,314.05,0.99
-11.13,0,5.04,256.21,1.21
-5.64,0,5.17,54.45,1.19
-0.12,0,5.11,284.52,0.99
5.58,0,5.17,247.33,1.2
11.32,0,4.99,356.88,1.05
17,0,5.18,323.27,0.91
22.62,0,4.94,136.98,0.98
28.12,0,5.11,80.51,1.08
33.72,0,5.06,106.32,1
-37.77,0,5.74,116.3,0.96
-31.96,0,5.53,249.89,0.98
-26.49,0,5.55,181.38,1.11
-20.71,0,5.6,20,1.07
-15.25,0,5.68,209.24,0.96
-9.68,0,5.73,137.87,0.88
-3.83,0,5.74,256.16,1.12
1.73,0,5.75,177.99,1.13
7.44,0,5.68,355.86,1.14
12.93,0,5.53,54.64,1.21
18.61,0,5.73,359.03,1.17
24.18,0,5.65,37.91,1.2
29.76,0,5.72,326.98,1.11
35.49,0,5.68,188.12,1.16
-36.02,0,6.25,311.38,1.08
-30.28,0,6.07,322.76,1.09
-24.83,0,6.13,302.79,1.18
-19.04,0,6.17,283.22,0.98
-13.57,0,6.07,185.74,1.21
-7.81,0,6.26,215.54,1.13
-2.25,0,6.08,340.4,1.02
3.34,0,6.32,11.78,0.91
8.92,0,6.3,170.98,1.07
14.54,0,6.07,152.55,1.16
20.37,0,6.14,242.78,0.95
26,0,6.17,5.88,0.97
31.59,0,6.27,91.35,0.98
37.16,0,6.22,224.26,0.92
-34.33,0,6.64,224.23,1.16
-28.75,0,6.65,101.16,1.03
-23.12,0,6.73,347.59,1.14
-17.41,0,6.66,235.47,1.14
-11.8,0,6.83,207.22,1.04
-6.31,0,6.71,57.72,1.14
-0.45,0,6.78,310.43,1.02
5.1,0,6.79,347.83,0.93
10.65,0,6.68,297.32,1.06
16.29,0,6.82,19.71,1.12
21.93,0,6.74,210.33,0.96
27.49,0,6.85,118.1,0.95
33.24,0,6.79,219.53,1.2
-38.25,0,7.25,332.36,0.9
-32.73,0,7.25,86.79,1.04
-27.02,0,7.22,160.28,1.06
-21.47,0,7.44,20.95,1.01
-15.78,0,7.21,204.04,1.07
-10.07,0,7.3,8.19,1.14
-4.57,0,7.42,260.34,0.94
1.23,0,7.38,3.43,1.08
6.88,0,7.24,351.96,1.19
12.5,0,7.36,315.97,1.07
18.02,0,7.21,277.9,1.08
23.65,0,7.39,144.79,1.12
29.25,0,7.39,290.83,0.99
34.92,0,7.22,327.48,1.06
-36.61,0,7.78,314.29,1.19
-30.98,0,7.84,280.44,1.13
-25.34,0,7.83,144.02,1.08
-19.58,0,7.99,197.09,1.08
-14.19,0,7.81,347.52,0.99
-8.4,0,7.89,277.74,0.93
-2.72,0,7.87,118.69,1.22
2.86,0,7.84,323.02,1.09
8.49,0,7.91,77.44,1.09
14.09,0,7.96,289.58,1.2
19.7,0,7.76,17.53,1.14
25.41,0,7.83,249.96,1.12
30.87,0,7.98,105.08,1.14
36.46,0,7.88,210.07,1.13
-34.82,0,8.37,207.33,1.04
-29.22,0,8.41,315.03,0.93
-23.53,0,8.56,359.71,1.21
-17.89,0,8.41,334.8,0.92
-12.28,0,8.48,15.09,1
-6.83,0,8.57,324.19,1.06
-1.15,0,8.38,53.65,0.9
4.43,0,8.39,209.28,1.14
10.19,0,8.33,43.78,0.95
15.78,0,8.51,218.96,1.21
21.49,0,8.4,330.33,1.13
27.07,0,8.43,101.9,1.05
32.64,0,8.5,336.05,1.01
38.35,0,8.52,177.11,0.99
-33.27,0,9.05,85.22,0.93
-27.69,0,9.08,47.39,1.13
-22.01,0,9.02,168.61,0.98
-16.44,0,8.89,16.53,0.89
-10.74,0,8.94,260.21,1.16
-5.08,0,9.05,205.75,1.01
0.64,0,8.94,21.73,0.95
6.15,0,8.99,120.13,1.2
11.91,0,8.91,202.01,1.06
17.56,0,8.91,55.86,1.1
22.95,0,8.94,157.3,0.97
28.64,0,8.92,82.9,1.03
34.36,0,8.93,105.53,1.17
-37.22,0,9.68,323.03,1.11
-31.42,0,9.69,7.32,0.9
-25.85,0,9.47,217.28,1.16
-20.35,0,9.57,242.93,1.09
-14.74,0,9.68,79.63,1.01
-8.89,0,9.6,97.38,0.96
-3.36,0,9.68,243.88,0.94
2.21,0,9.49,85.96,1
7.86,0,9.64,300.48,1.18
13.39,0,9.51,330.33,1.11
19.1,0,9.62,266.29,0.96
24.71,0,9.61,231.11,0.95
30.5,0,9.47,182.49,0.96
35.92,0,9.5,4.02,1.03
-35.48,0,10.23,81.94,0.99
-29.9,0,10.08,298.42,0.97
-24.08,0,10.16,226.01,0.96
-18.68,0,10.13,227.82,0.89
-13.04,0,10.19,4.74,1.17
-7.24,0,10.23,55.86,0.98
-1.64,0,10.15,23.58,1.08
3.99,0,10.05,237.98,1.1
9.46,0,10.25,57.61,1.06
15.18,0,10.15,306.71,1.07
20.79,0,10.24,173.02,0.96
26.39,0,10.07,284.77,1.06
32,0,10.24,258.81,1.16
37.63,0,10.16,253.29,1.03
-33.79,0,10.58,121.01,1.2
-28.06,0,10.62,237.39,1.05
-22.43,0,10.64,174.56,1.09
-16.9,0,10.67,5.99,1.12
-11.19,0,10.69,349.23,0.91
-5.75,0,10.79,162.03,1.14
0.02,0,10.79,110.12,1.12
5.5,0,10.63,237.26,0.99
11.37,0,10.8,265.29,0.98
16.91,0,10.74,273.38,0.92
22.58,0,10.64,264.3,1.07
28.23,0,10.8,146.68,1.13
33.77,0,10.69,256.61,1.01
-37.68,0,11.25,235.47,1.13
-31.99,0,11.19,80.15,0.93
-26.47,0,11.31,322.59,0.89
-20.91,0,11.38,10.4,1.21
-15.3,0,11.34,184.92,1.17
-9.5,0,11.19,196.77,1.1
-3.83,0,11.22,69.07,1.17
1.78,0,11.35,212.61,0.99
7.27,0,11.14,189.9,1.05
12.83,0,11.34,292.22,1.1
18.69,0,11.21,106.62,1.19
24.2,0,11.3,246.9,1.07
29.71,0,11.26,171.86,1.21
35.44,0,11.34,288.21,1.14
-35.97,0,11.71,270.33,1.2
-30.35,0,11.72,278.11,1
-24.87,0,11.82,358.27,1.14
-19.19,0,11.76,121.03,1.1
-13.6,0,11.7,154.89,1.19
-7.77,0,11.76,208.28,1.2
-2.37,0,11.81,100.89,1.2
3.34,0,11.77,14.96,1.07
8.94,0,11.75,315.03,1.02
14.56,0,11.81,239.6,0.93
20.37,0,11.85,60.15,1.19
25.76,0,11.82,46.71,0.99
31.45,0,11.81,219.37,1
37.13,0,11.8,333.47,1.01
-34.23,0,12.29,147.45,1.06
-28.64,0,12.28,327.68,1.14
-23.15,0,12.35,198.86,1.04
-17.4,0,12.28,181.71,1.06
-11.75,0,12.4,166.52,1.17
-6.16,0,12.29,207.09,1.01
-0.5,0,12.44,154.32,1.21
4.99,0,12.32,46.23,0.9
10.65,0,12.46,137.66,1.12
16.32,0,12.3,104.21,1.18
21.89,0,12.41,242.23,1.17
27.51,0,12.42,312.71,0.98
33.28,0,12.36,125.85,1.18
-38.35,0,12.85,79,0.88
-32.58,0,12.88,137.37,1.18
-27.08,0,12.93,223.12,0.94
-21.32,0,12.95,50.11,1.08
-15.78,0,12.86,236.35,1.21
-10.08,0,12.92,187.58,1.14
-4.49,0,13.01,27.4,1.2
1.18,0,12.87,236.84,1.11
6.87,0,13.04,245.92,0.92
12.4,0,12.85,70.91,0.97
17.95,0,12.97,256.76,0.98
23.6,0,12.91,171.22,1.02
29.27,0,12.84,294.17,0.89
34.91,0,12.88,206.98,1.2
-36.55,0,13.52,173.99,0.92
-30.93,0,13.48,44.24,0.95
-25.33,0,13.48,353.59,0.91
-19.67,0,13.6,193.44,0.95
-14.04,0,13.55,298.54,0.99
-8.52,0,13.47,327.19,0.94
-2.71,0,13.59,154.29,0.91
2.9,0,13.47,270.63,1.18
8.4,0,13.62,200.53,1.16
13.99,0,13.61,99.06,1.11
19.79,0,13.53,217.18,1.09
25.3,0,13.47,85.99,0.92
31.04,0,13.55,245.44,1.06
36.65,0,13.44,85.06,0.96
-34.97,0,14.09,32.96,0.92
-29.22,0,14.07,124.88,1.03
-23.66,0,14.08,110.42,0.9
-17.95,0,14.02,351.39,0.92
-12.37,0,14.09,72.35,0.9
-6.71,0,14.09,209.74,0.89
-1.09,0,14.12,313.06,1.07
4.45,0,14.15,330.08,0.97
10.11,0,14.04,200.07,1.08
15.66,0,14.12,188.66,1.12
21.26,0,14.16,65.07,1.09
27.03,0,13.98,109.16,1.13
32.72,0,14.1,186.26,0.93
38.31,0,14.17,39.4,0.91
-33.08,0,14.65,176.62,1.12
-27.67,0,14.55,167.75,0.91
-21.93,0,14.54,279.41,1.03
-16.28,0,14.68,187.76,0.98
-10.78,0,14.73,298.44,1
-4.96,0,14.65,61.05,0.92
0.5,0,14.74,133.53,0.91
6.25,0,14.59,241.87,1.01
11.88,0,14.63,252.8,1.15
17.35,0,14.63,265.37,0.99
23.02,0,14.66,350.94,0.92
28.68,0,14.67,42.75,0.98
34.21,0,14.55,350.88,1.15
-37.23,0,15.23,210.01,0.96
-31.62,0,15.18,278.74,1
-25.88,0,15.22,196.13,0.98
-20.22,0,15.2,201.14,0.96
-14.54,0,15.09,285.8,0.96
-8.96,0,15.3,26.49,1.12
-3.27,0,15.23,222.89,0.96
2.38,0,15.14,102.3,0.91
7.94,0,15.18,313.27,1.13
13.6,0,15.24,304.61,0.95
19.19,0,15.09,96.38,1.2
24.87,0,15.28,301.13,1.1
30.42,0,15.26,279.24,1.15
36.01,0,15.25,346.17,0.95
-35.36,0,15.82,18.33,1.13
-29.85,0,15.78,2.56,0.97
-24.22,0,15.79,262.38,0.95
-18.56,0,15.8,223.13,1.08
-12.92,0,15.87,358.59,0.99
-7.38,0,15.7,325.76,1.11
-1.62,0,15.78,303.4,1.08
3.92,0,15.84,119.09,0.89
9.51,0,15.76,342.56,1.1
15.27,0,15.68,178.33,1.1
20.7,0,15.8,251.13,1.22
26.39,0,15.7,38.02,1.13
32.07,0,15.75,15.37,0.95
37.63,0,15.72,165.23,1.09
-33.83,0,16.31,150.15,1.19
-28.05,0,16.37,40.13,0.94
-22.56,0,16.21,19.82,1.09
-16.81,0,16.29,223.96,1.01
-11.19,0,16.37,326.08,1.21
-5.68,0,16.38,300.19,0.98
0.01,0,16.4,93.23,0.95
5.65,0,16.27,218.6,1.18
11.2,0,16.32,191.57,1.15
16.82,0,16.24,160.33,0.89
22.47,0,16.31,8,1.04
28.13,0,16.3,345.15,0.95
33.87,0,16.37,191.2,1.16
-37.61,0,16.86,205.75,1.1
-32.11,0,16.9,260.6,1
-26.48,0,16.8,220.1,1.13
-20.92,0,16.97,30,1.15
-15.14,0,16.79,351.17,1.06
-9.65,0,16.98,244.63,0.89
-3.93,0,16.81,348.3,1.11
1.68,0,16.78,179.13,1.21
7.29,0,16.95,148.69,1.17
12.94,0,16.92,226.2,1.21
18.61,0,16.85,288.28,1.11
24.2,0,16.88,233.53,1.01
29.81,0,16.94,16.31,1.09
35.43,0,16.95,134,1.07
-36.02,0,17.41,163.12,1.19
-30.33,0,17.51,34.13,1.15
-24.84,0,17.39,196.41,0.96
-19.16,0,17.54,315.05,0.9
-13.62,0,17.37,193.7,1.14
-7.77,0,17.53,122.29,0.91
-2.15,0,17.56,23.94,0.89
3.27,0,17.36,106.56,0.95
8.92,0,17.32,94.89,1.22
14.54,0,17.51,214.03,1.16
20.22,0,17.47,322.55,0.92
25.77,0,17.36,354.21,1.01
31.61,0,17.35,90.7,1.14
37.08,0,17.48,356.03,1.04
-34.3,0,17.88,13.76,0.97
-28.58,0,18.05,38.48,1.08
-23.13,0,17.98,153.51,1.05
-17.36,0,17.97,317.96,0.95
-11.87,0,18.11,66.11,1.06
-6.29,0,17.94,277.97,0.89
-0.55,0,17.98,83.12,1
4.98,0,17.89,330.9,1.21
10.75,0,17.9,107.27,1.02
16.35,0,18.07,57.64,0.91
21.85,0,18.13,37.42,1.19
27.58,0,18.03,220.95,0.98
33.24,0,18.13,256.71,1.01
-38.14,0,18.61,9.33,1.1
-32.61,0,18.63,354.37,0.97
-27.01,0,18.56,265.47,1.14
-21.27,0,18.65,45.47,1.18
-15.64,0,18.67,176.4,1.12
-10.13,0,18.67,348.06,1.22
-4.42,0,18.46,317.96,1.08
1.22,0,18.65,96.43,1.2
6.84,0,18.67,260.02,0.93
12.41,0,18.45,319.51,1.09
18.1,0,18.6,146.24,0.94
23.67,0,18.55,128.86,0.94
29.28,0,18.53,213.83,1.01
34.82,0,18.62,302.03,0.9
-36.53,0,19.11,247.9,1.02
-30.82,0,19.14,346.84,1.2
-25.34,0,19.09,167.2,1.15
-19.63,0,19.03,228.45,1.17
-14.16,0,19.06,133.37,1.14
-8.48,0,19.19,115.88,1.2
-2.79,0,19.07,298.64,0.97
2.8,0,19.11,1.82,1.19
8.38,0,19.14,229.55,0.97
13.99,0,19.19,41.43,1.05
19.69,0,19.14,33.49,1.01
25.26,0,19.1,280.29,1.21
30.97,0,19.04,106.72,1.19
36.5,0,19.14,309.33,1.11
-34.92,0,19.57,281.52,1.14
-29.35,0,19.57,216.44,1.1
-23.61,0,19.66,166.11,1.11
-17.88,0,19.67,274.68,1.14
-12.28,0,19.7,334.59,0.93
-6.76,0,19.76,20.89,1.22
-1.25,0,19.6,349.76,1.19
4.59,0,19.68,119.55,1.15
10.23,0,19.6,163.08,1.03
15.86,0,19.65,145.01,0.98
21.45,0,19.68,170.76,1.1
27.08,0,19.82,18.52,0.95
32.56,0,19.73,16.3,0.99
38.32,0,19.72,271.62,1.05
-33.16,0,20.29,189.59,1
-27.65,0,20.28,144.57,0.97
-21.84,0,20.36,62.16,0.93
-16.42,0,20.21,126.97,0.94
-10.74,0,20.26,233.31,1.11
-5.14,0,20.35,197.19,0.88
0.46,0,20.21,292.73,1.08
6.25,0,20.14,231.3,1
11.94,0,20.2,168.57,1.15
17.33,0,20.23,51.06,1.04
22.96,0,20.33,351.45,0.92
28.8,0,20.21,298.08,1.15
34.34,0,20.21,77.62,0.94
-37.08,0,20.86,329.11,1.21
-31.44,0,20.87,115.2,1.16
-25.77,0,20.94,205.59,1.12
-20.18,0,20.85,189.82,1.1
-14.65,0,20.94,164.43,0.95
-8.91,0,20.71,22.33,1.21
-3.32,0,20.9,199.46,1.01
2.14,0,20.91,183.53,1.15
7.8,0,20.78,134.3,1.08
13.43,0,20.73,17.46,1.18
19.13,0,20.95,254.88,1.02
24.71,0,20.85,26.99,1.07
30.49,0,20.71,231.75,0.89
36.08,0,20.9,9.42,1.04
-35.4,0,21.33,142.53,1
-29.88,0,21.33,129.96,0.93
-24.27,0,21.48,1.74,1.14
-18.55,0,21.29,168.11,1.18
-13.03,0,21.46,4.65,0.93
-7.21,0,21.42,290.61,1.11
-1.74,0,21.46,77.88,1.1
3.92,0,21.39,331.1,1.1
9.64,0,21.33,338.18,1.06
15.31,0,21.26,230.49,1.01
20.79,0,21.28,33.48,0.9
26.38,0,21.36,113.91,0.93
32.11,0,21.36,136.94,1.03
37.61,0,21.37,180.59,1.22
-33.84,0,21.87,134.95,1.18
-28.06,0,21.93,307.4,0.97
-22.42,0,21.84,16.53,0.95
-16.8,0,21.82,78.62,0.91
-11.3,0,22.02,317.46,1.05
-5.73,0,21.83,115.05,1.02
-0.06,0,22.06,122.84,1.21
5.59,0,21.88,12.06,0.89
11.33,0,22.01,258.39,1.08
17,0,22.05,71.89,1.17
22.56,0,22.03,180.24,1.16
28.04,0,21.92,156.39,1
33.87,0,22.07,241.79,1.15
-37.63,0,22.52,327.24,0.96
-32.02,0,22.61,104.72,0.95
-26.37,0,22.61,153.76,1.14
-20.93,0,22.43,214.62,0.94
-15.31,0,22.57,97.54,1.05
-9.49,0,22.53,143.5,1.04
-4.01,0,22.62,199.32,1.12
1.76,0,22.5,43.8,1.08
7.35,0,22.4,314.27,1.17
12.91,0,22.42,125.39,1.2
18.54,0,22.49,153.13,1.07
24.28,0,22.52,144.09,1.2
29.83,0,22.44,221.88,1.21
35.42,0,22.39,249.22,0.99
-36.09,0,23.17,276.1,1.13
-30.27,0,23.19,108.13,1.12
-24.88,0,23.02,111.26,1.08
-19.12,0,23.1,21.44,0.93
-13.4,0,23.05,275.86,1.03
-7.94,0,23.06,338.11,0.99
-2.31,0,23.02,22.08,1.2
3.46,0,22.97,226.34,0.9
8.99,0,23.16,267.92,1.05
14.58,0,22.97,36.65,1.1
20.31,0,23.01,9.63,1.21
25.77,0,23.14,178.9,0.92
31.53,0,23.19,84.56,0.96
37.07,0,23.12,36.79,1.1
-34.32,0,23.63,325.77,1.19
-28.83,0,23.75,139.97,1.11
-23.11,0,23.72,60.85,1.18
-17.47,0,23.68,285.36,1.18
-11.9,0,23.51,224.53,1.09
-6.09,0,23.67,113.76,1.07
-0.66,0,23.59,174.94,1.15
4.94,0,23.67,348.85,1.09
10.77,0,23.57,223.92,0.91
16.36,0,23.67,79.27,1.21
21.87,0,23.62,100.7,0.9
27.51,0,23.72,157.08,1.11
33.16,0,23.74,31.38,1.18
-38.27,0,24.28,334.68,1.13
-32.59,0,24.19,353.96,1.05
-27.05,0,24.2,202.69,1.22
-21.36,0,24.31,353.23,1.07
-15.65,0,24.3,345.14,1.22
-10.13,0,24.1,188.91,1.11
-4.62,0,24.25,102.97,1.2
1.06,0,24.19,261.48,1.08
6.7,0,24.27,56.78,1.16
12.45,0,24.14,271.39,1.19
18.1,0,24.2,221.03,1.03
23.63,0,24.29,38.99,1.12
29.33,0,24.31,181.69,0.96
34.78,0,24.19,151.32,0.99
-36.47,0,24.68,347.84,0.9
-30.94,0,24.81,84.67,0.91
-25.39,0,24.75,146.06,1.19
-19.73,0,24.82,114.44,1.12
-14.02,0,24.74,186.99,1.02
-8.48,0,24.66,294.77,1.04
-2.83,0,24.72,94.54,1.1
2.81,0,24.82,77.04,0.92
8.46,0,24.88,218.46,0.93
14.1,0,24.84,17.09,1.16
19.69,0,24.64,93.87,1
25.36,0,24.84,47.44,0.95
30.86,0,24.77,340.31,1.17
36.67,0,24.82,177.82,0.94
-34.9,0,25.44,314.05,1.03
-29.17,0,25.36,102.3,1.07
-23.52,0,25.36,209.22,0.93
-17.94,0,25.43,272.19,1.22
-12.44,0,25.28,271.59,1.17
-6.75,0,25.37,2.53,0.94
-1.15,0,25.37,85.03,0.91
4.56,0,25.36,148.91,1.18
10.21,0,25.4,105.8,1
15.83,0,25.29,22.46,0.98
21.42,0,25.3,351.68,1.07
27.03,0,25.24,112.32,1.2
32.56,0,25.23,15.77,1.06
38.3,0,25.21,227.91,1.12
-33.08,0,25.89,270.84,1
-27.49,0,25.86,359.74,0.92
-21.89,0,25.9,103.71,1.22
-16.42,0,25.81,312.05,1.14
-10.61,0,25.81,27.8,1.04
-5.05,0,25.91,337.54,1.13
0.5,0,25.83,277.81,0.94
6.18,0,25.89,246.86,0.98
11.81,0,25.99,55.56,1.01
17.57,0,25.81,271.19,1.15
23.09,0,25.92,36.77,1.18
28.81,0,25.95,19.08,0.89
34.26,0,25.99,212.01,1.19
-37.25,0,26.56,336.54,1.16
-31.46,0,26.4,312.28,0.91
-25.88,0,26.37,174,0.89
-20.38,0,26.33,6.26,1.03
-14.54,0,26.51,121.75,0.98
-8.88,0,26.54,62.52,0.92
-3.28,0,26.4,61.54,0.9
2.24,0,26.36,140.93,1.15
7.75,0,26.39,181.08,1.17
13.53,0,26.39,285.47,1.14
19.05,0,26.43,90.79,0.97
24.8,0,26.5,122.53,1.13
30.34,0,26.39,275.36,1.16
36.06,0,26.53,232.54,0.94
-35.49,0,27.06,275.68,1.01
-29.73,0,26.98,182.23,1.15
-24.07,0,27.08,338.65,1.01
-18.62,0,26.97,61.61,1.13
-12.85,0,27.03,298.71,1.21
-7.25,0,27.02,62.07,0.96
-1.78,0,26.99,44.34,1.19
4.01,0,26.92,130.59,1.14
9.54,0,26.93,300.07,1.12
15.32,0,27.13,268.64,1.07
20.77,0,26.96,289.35,1.11
26.44,0,26.89,9.75,1.04
32.13,0,27.12,21.89,1.17
37.65,0,27.11,277.63,0.95
-33.77,0,27.58,299.69,0.94
-28.07,0,27.53,26.12,0.96
-22.46,0,27.54,231.96,1.07
-16.9,0,27.47,149.92,0.95
-11.18,0,27.65,322.57,1
-5.73,0,27.5,164.4,1.19
0.02,0,27.6,293.98,1.17
5.7,0,27.49,37.08,0.94
11.34,0,27.6,181.69,1.15
16.9,0,27.46,176.24,1.03
22.5,0,27.58,176.68,1.18
28.26,0,27.66,333.99,1.17
33.83,0,27.53,274.62,1.19
-37.75,0,28.24,11.32,1.11
-32.06,0,28.2,287.61,1.14
-26.53,0,28.07,130.4,1.1
-20.77,0,28.05,255.19,1.02
-15.16,0,28.07,18.71,1.02
-9.57,0,28.07,62.15,1.19
-3.82,0,28.03,300.8,1.12
1.81,0,28.07,307.17,1.17
7.39,0,28.22,89.61,1.01
12.93,0,28.11,155.88,1.12
18.53,0,28.25,252.34,0.98
24.18,0,28.03,103.19,1.1
29.7,0,28.25,107.66,1.22
35.52,0,28.03,78.9,1.07
-36.11,0,28.71,112.73,1.07
-30.46,0,28.74,236.05,0.94
-24.86,0,28.79,321.77,0.97
-19.25,0,28.63,10.94,1.18
-13.49,0,28.75,202.39,1.08
-7.95,0,28.77,358.41,0.91
-2.37,0,28.64,23.1,0.94
3.31,0,28.61,187.87,0.94
8.96,0,28.7,211.52,0.89
14.75,0,28.6,83.47,1.03
20.22,0,28.73,323.93,0.95
25.78,0,28.6,95.88,1.16
31.57,0,28.66,110.59,0.9
37.06,0,28.8,249.57,1.17
-34.28,0,29.15,64.28,1.06
-28.59,0,29.2,327.04,1.08
-23.12,0,29.17,65.7,0.92
-17.5,0,29.23,129.19,1.17
-11.76,0,29.21,16.02,1.01
-6.16,0,29.16,297.3,1.2
-0.54,0,29.27,230.72,1.07
5.09,0,29.22,152.39,1.1
10.79,0,29.33,314.47,1.07
16.26,0,29.26,263.02,0.93
21.87,0,29.16,174.41,1.11
27.54,0,29.19,307.26,1.02
33.08,0,29.28,112.1,0.93
-38.17,0,29.85,170.09,1.06
-32.7,0,29.88,52.91,1.22
-27.03,0,29.82,206.27,1.21
-21.51,0,29.89,252.02,0.9
-15.87,0,29.88,122.49,0.97
-10.08,0,29.94,268.06,0.98
-4.47,0,29.71,257.67,1.1
1.18,0,29.76,167.45,1.21
6.8,0,29.77,187.09,0.95
12.33,0,29.83,159.74,1.11
17.94,0,29.81,30.87,1.06
23.66,0,29.93,233.74,0.9
29.25,0,29.76,263.21,0.92
34.99,0,29.74,44.22,1.22
-36.48,0,30.47,32.51,1.05
-31.06,0,30.45,177.68,1.11
-25.34,0,30.42,10.14,1.22
-19.7,0,30.39,145.99,0.92
-14.16,0,30.4,260.54,0.98
-8.44,0,30.42,227.72,1.16
-2.74,0,30.37,256.07,0.9
2.88,0,30.29,277.31,1.09
8.36,0,30.38,246.15,0.99
14.06,0,30.33,317.82,1.2
19.7,0,30.32,330.81,0.96
25.37,0,30.48,74.03,1.18
31.03,0,30.44,188,0.99
36.57,0,30.4,292.16,1.19
-34.81,0,30.87,257.68,1.08
-29.26,0,30.98,251.26,1.02
-23.54,0,30.83,172.43,0.96
-17.94,0,30.92,226.65,1.16
-12.37,0,30.98,196.91,1.01
-6.8,0,30.94,44.76,1.14
-1.05,0,30.93,248.15,1.12
4.6,0,30.92,16.81,0.98
10.24,0,30.87,94.33,1.09
15.81,0,31.07,56.53,1.11
21.28,0,30.86,233.99,1.19
26.92,0,31,337.47,1.05
32.58,0,30.88,189.26,1.18
38.21,0,30.98,350.41,1.06
-33.16,0,31.43,310.37,0.89
-27.53,0,31.61,86.31,1.12
-21.83,0,31.49,46.55,1.09
-16.33,0,31.48,353.19,1.17
-10.59,0,31.55,287.53,1.18
-5.15,0,31.4,274.82,1.2
0.47,0,31.43,16.11,0.9
6.08,0,31.55,31.14,1.11
11.83,0,31.49,351.35,0.95
17.41,0,31.55,341.93,1.11
23.08,0,31.47,347.5,1.17
28.65,0,31.54,3.64,0.95
34.26,0,31.42,74.32,1.11
-37.25,0,32.08,277.78,1.19
-31.62,0,32.02,254.57,1.17
-25.93,0,32.18,58.85,1.19
-20.36,0,32.2,252.47,1.08
-14.61,0,32.18,60.8,1
-9.03,0,32.19,284.6,1.11
-3.4,0,32.07,98.34,0.94
2.35,0,32.02,33.78,0.94
7.96,0,32.16,209.1,1
13.58,0,32,108.16,1.2
19.16,0,32.04,128.66,0.89
24.83,0,32.19,160.81,0.99
30.33,0,32.03,199.38,1.03
35.89,0,32.15,83.65,1.08
-35.35,0,32.67,307.78,1.16
-29.7,0,32.67,237.53,1.04
-24.26,0,32.59,237.87,1.08
-18.61,0,32.74,330.43,0.99
-12.9,0,32.52,142.67,1.05
-7.26,0,32.64,336,1.07
-1.59,0,32.6,234.99,1.18
3.89,0,32.76,337.64,1.04
9.55,0,32.63,85.94,1.15
15.15,0,32.51,332.51,0.95
20.75,0,32.66,244.84,1.22
26.47,0,32.71,90.71,0.98
32.13,0,32.6,134.79,1.2
37.63,0,32.52,140.52,1.09
-33.66,0,33.13,319.82,1.01
-28.22,0,33.28,317.11,1.12
-22.48,0,33.2,142.29,0.91
-16.97,0,33.15,217.32,1.06
-11.25,0,33.3,221.36,1.21
-5.73,0,33.11,39.66,1.01
0.07,0,33.28,293.65,1.18
5.6,0,33.2,313.26,1.05
11.31,0,33.28,45.38,1.05
16.86,0,33.14,94.9,0.91
22.41,0,33.19,187.9,1.16
28.18,0,33.19,127.44,0.92
33.81,0,33.21,165.94,1.02
-37.79,0,33.82,122.6,1.19
-32.16,0,33.8,277.84,1.06
-26.52,0,33.84,118.68,1.09
-20.7,0,33.77,322.94,0.9
-15.29,0,33.83,314.13,0.99
-9.54,0,33.75,128.27,0.88
-3.87,0,33.65,105.47,0.96
1.58,0,33.77,98.23,1.13
7.36,0,33.65,147.65,0.95
12.99,0,33.75,13.87,1
18.69,0,33.65,220.07,1.19
24.17,0,33.68,177.42,0.98
29.75,0,33.89,288.98,0.98
35.46,0,33.7,230.31,1.08
-36.12,0,34.23,280.96,1.14
-30.47,0,34.22,14.94,0.88
-24.68,0,34.43,237.95,1.19
-19.09,0,34.29,211.48,1.11
-13.63,0,34.44,185.21,0.95
-7.76,0,34.31,115.27,1.03
-2.17,0,34.37,182.23,0.89
3.25,0,34.25,207.02,0.9
8.89,0,34.44,254.22,1.04
14.6,0,34.39,228.87,0.97
20.18,0,34.32,159.09,1.11
25.8,0,34.35,329.45,0.98
31.52,0,34.39,237.64,1.11
37.05,0,34.35,230.52,0.98
-34.33,0,34.9,71.59,1.09
-28.77,0,34.92,147.43,0.91
-23.04,0,34.91,316.92,1.13
-17.42,0,34.99,228.63,0.88
-11.75,0,34.9,153.58,1.07
-6.1,0,35.01,36.38,0.99
-0.62,0,34.95,33.69,1.09
5.17,0,34.77,241.59,1.14
10.63,0,34.78,228.31,1.08
16.27,0,34.82,246.64,1.12
22.02,0,34.93,288,1.14
27.59,0,34.94,145.75,1.03
33.11,0,34.97,210.85,1.07
-38.15,0,35.47,46.01,1.07
-32.52,0,35.48,76.05,0.92
-27.09,0,35.37,133.1,1.11
-21.38,0,35.35,10.75,0.89
-15.75,0,35.52,174.66,0.98
-10.08,0,35.33,38.79,1.05
-4.39,0,35.42,119.25,0.99
1.16,0,35.34,67.68,0.92
6.86,0,35.33,283.47,1.16
12.47,0,35.41,32.04,1.08
18.09,0,35.37,241.99,1.09
23.6,0,35.54,320.95,1.2
29.29,0,35.5,13.55,1.08
34.82,0,35.44,89.56,0.98
-36.55,0,36.1,262.02,0.94
-30.87,0,36.06,130.06,0.9
-25.4,0,36.12,193.57,1.04
-19.76,0,36.03,265.08,1.15
-14.15,0,36.05,333.47,1.18
-8.54,0,36.04,55.82,1.18
-2.78,0,35.96,215.29,1.04
2.88,0,35.99,125.63,1.1
8.43,0,36.12,141.22,1.03
14.08,0,36.1,350.74,0.88
19.77,0,35.91,185.82,1.01
25.29,0,36.04,217.25,1.02
30.89,0,35.9,249.84,0.91
36.49,0,36.1,146.38,1.15
-34.9,0,36.66,0.33,1.18
-29.19,0,36.46,196.99,0.93
-23.72,0,36.48,55.1,1.16
-17.93,0,36.46,34.07,1.04
-12.33,0,36.69,334.52,1.01
-6.65,0,36.69,252.89,1.03
-1.23,0,36.69,25.36,0.93
4.56,0,36.58,3.68,0.93
10.07,0,36.58,288.84,0.89
15.77,0,36.63,354.89,1.15
21.32,0,36.55,226.9,0.96
27.12,0,36.59,328.7,1.17
32.54,0,36.55,75.74,1.13
38.25,0,36.53,10,0.99
-33.27,0,37.07,77.59,1.15
-27.53,0,37.2,293.23,0.91
-22.01,0,37.21,215.47,1.08
-16.21,0,37.04,296.59,1.01
-10.65,0,37.2,174.16,0.93
-5.12,0,37.1,171.4,0.95
0.48,0,37.17,277.41,1.05
6.15,0,37.03,56.95,1.12
11.92,0,37.13,320.95,0.88
17.42,0,37.22,265.14,0.92
23.19,0,37.16,113.85,1.01
28.68,0,37.24,36.53,1.1
34.21,0,37.16,32.91,1.01
-37.24,0,37.67,326.03,1.15
-31.41,0,37.76,132.33,1.09
-25.87,0,37.75,341.54,0.94
-20.32,0,37.63,15.39,1.02
-14.74,0,37.74,9.19,0.98
-8.98,0,37.75,33.53,1.01
-3.42,0,37.64,132.37,1.09
2.3,0,37.67,146.76,0.9
7.83,0,37.64,239.59,1.07
13.51,0,37.65,246.97,0.93
19.22,0,37.68,43.57,0.96
24.77,0,37.83,162.02,1.04
30.35,0,37.79,103.12,1.13
35.94,0,37.6,94.45,0.96
-35.35,0,38.33,202.02,1.12
-29.88,0,38.37,6.96,1.07
-24.11,0,38.16,29.46,1.1
-18.55,0,38.28,24.28,0.94
-13.01,0,38.23,279.63,0.9
-7.3,0,38.25,144.95,0.89
-1.59,0,38.29,170.58,0.99
3.99,0,38.17,356.29,1.19
9.66,0,38.18,9.23,1.1
15.25,0,38.36,86.91,0.92
20.72,0,38.24,105.25,1.19
26.36,0,38.33,67.13,1.16
32.08,0,38.29,18.46,0.98
37.79,0,38.34,70.09,1.03
