PosX,PosY,PosZ,Brightness,ColorR,ColorG,ColorB,ColorA,Shape,LineLength,SquareWidth,SquareHeight,RotX,RotY,RotZ,Range,OwnerTag
3.0,3,-49.0,1.0,1.0,0.9,0.6,1.0,Point,12.0,10.0,10.0,0.0,0.0,0.0,12.0,
37.0,3,-28.0,1.0,0.8,0.4,0.7,1.0,Point,12.0,10.0,10.0,0.0,0.0,0.0,12.0,
42.0,3,-4.0,1.0,0.8,0.5,0.7,1.0,Point,12.0,10.0,10.0,0.0,0.0,0.0,12.0,
17.0,3,36.0,1.0,1.0,0.7,0.3,1.0,Point,12.0,10.0,10.0,0.0,0.0,0.0,12.0,
-16.0,3,33.0,1.0,0.8,0.4,0.9,1.0,Point,12.0,10.0,10.0,0.0,0.0,0.0,12.0,
-28.0,3,9.0,1.0,0.3,0.8,0.9,1.0,Point,12.0,10.0,10.0,0.0,0.0,0.0,12.0,
18.0,3,-16.0,1.0,1.0,0.5,0.7,1.0,Point,12.0,10.0,10.0,0.0,0.0,0.0,12.0,
-7.0,3,12.0,1.0,0.3,0.9,1.0,1.0,Point,12.0,10.0,10.0,0.0,0.0,0.0,12.0,
0.0,3,-2.0,1.0,1.0,0.85,0.3,1.0,Point,12.0,10.0,10.0,0.0,0.0,0.0,12.0,
